-- ######################################################
-- ALTAR OF STORMS - Complete NPC Export
-- ######################################################
-- Map ID: 911
-- Level Range: 82-85
-- NPCs: 600665-600672 (8 total)
-- ######################################################

-- ======================================================
-- CREATURE TEMPLATE
-- ======================================================
DELETE FROM `creature_template` WHERE `entry` IN (600665, 600666, 600667, 600668, 600669, 600670, 600671, 600672);

INSERT INTO `creature_template` (`entry`,`difficulty_entry_1`,`difficulty_entry_2`,`difficulty_entry_3`,`KillCredit1`,`KillCredit2`,`name`,`subname`,`IconName`,`gossip_menu_id`,`minlevel`,`maxlevel`,`exp`,`faction`,`npcflag`,`speed_walk`,`speed_run`,`speed_swim`,`speed_flight`,`detection_range`,`scale`,`rank`,`dmgschool`,`DamageModifier`,`BaseAttackTime`,`RangeAttackTime`,`BaseVariance`,`RangeVariance`,`unit_class`,`unit_flags`,`unit_flags2`,`dynamicflags`,`family`,`trainer_type`,`trainer_spell`,`trainer_class`,`trainer_race`,`type`,`type_flags`,`lootid`,`pickpocketloot`,`skinloot`,`PetSpellDataId`,`VehicleId`,`mingold`,`maxgold`,`AIName`,`MovementType`,`HoverHeight`,`HealthModifier`,`ManaModifier`,`ArmorModifier`,`ExperienceModifier`,`RacialLeader`,`movementId`,`RegenHealth`,`mechanic_immune_mask`,`spell_school_immune_mask`,`flags_extra`,`ScriptName`,`VerifiedBuild`) VALUES
	 (600665,0,0,0,0,0,'Felhound Manastalker','Delve',NULL,0,83,84,0,168,0,1,1.15287,1,1,20,1,1,0,7.5,2000,2000,1,1,1,32768,2048,0,0,0,0,0,0,7,0,600665,0,600665,0,0,73,452,'SmartAI',0,1,25,1,1,1,0,0,1,0,0,0,'',12340),
	 (600666,0,0,0,0,0,'Terrorfiend','Delve',NULL,0,83,83,0,168,0,2,1.71429,1,1,20,1,1,0,7.5,2000,2000,1,1,1,32768,2048,0,0,0,0,0,0,7,0,600666,0,0,0,0,68,447,'SmartAI',1,1,25,1,1,1,0,0,1,0,0,0,'',12340),
	 (600667,0,0,0,0,0,'Hederine Slayer','Delve',NULL,0,83,84,0,168,0,1,1.71429,1,1,20,1,1,0,7.5,2000,2000,1,1,1,32768,2048,0,0,0,0,0,0,7,0,600667,0,600667,0,0,79,526,'SmartAI',1,1,60,1,1,1,0,0,1,0,0,0,'',12340),
	 (600668,0,0,0,0,0,'Eredar Sorcerer','Delve',NULL,0,83,83,0,168,0,1,1.14286,1,1,20,1,1,0,7.5,2000,2000,1,1,8,32768,2048,0,0,0,0,0,0,7,0,600668,0,0,0,0,66,443,'SmartAI',1,1,23,10,1,1,0,0,1,0,0,0,'',12340),
	 (600669,0,0,0,0,0,'Eredar Soul-Eater','Delve',NULL,0,83,84,0,168,0,1,1.14286,1,1,20,1,1,0,7.5,2000,2000,1,1,8,32768,2048,0,0,0,0,0,0,7,0,600669,0,0,0,0,180,238,'SmartAI',1,1,12,10,1,1,0,0,1,0,0,0,'',12340),
	 (600670,0,0,0,0,0,'Wrathguard','Delve',NULL,0,83,83,0,168,0,1.6,1.14286,1,1,20,0.78,1,0,7.5,2000,2000,1,1,8,32768,2048,0,0,0,0,0,0,7,0,600670,0,0,0,0,176,235,'SmartAI',1,1,40,10,1,1,0,51,1,0,0,0,'',12340),
	 (600671,0,0,0,0,0,'Lord Zul''etekk','Delve Boss',NULL,0,84,84,0,14,0,1,1.14286,1,1,20,1,3,0,18.37,2000,2000,1,1,8,0,2048,0,0,0,0,0,0,3,4,600671,0,0,0,0,399,1620,'',1,1,110.7,40,1.2,2,0,0,1,646659935,0,0,'',12340),
	 (600672,0,0,0,0,0,'Rugoldt The Corrupt','Delve Boss',NULL,0,84,84,0,168,0,1,2.14286,1,1,20,1,3,0,36.28,1000,2000,1,1,1,64,2048,0,0,0,0,0,0,7,4,600672,0,0,0,0,553,727,'SmartAI',1,1,110,2,1.3,1,0,0,1,613105499,0,0,'',12340);

-- ======================================================
-- CREATURE TEMPLATE ADDON
-- ======================================================
DELETE FROM `creature_template_addon` WHERE `entry` IN (600665, 600666, 600667, 600668, 600669, 600670, 600671, 600672);

INSERT INTO `creature_template_addon` (`entry`,`path_id`,`mount`,`bytes1`,`bytes2`,`emote`,`visibilityDistanceType`,`auras`) VALUES
	 (600665,0,0,0,0,0,0,''),
	 (600666,0,0,0,0,0,0,''),
	 (600667,0,0,0,0,0,0,''),
	 (600668,0,0,0,0,0,0,''),
	 (600669,0,0,0,0,0,0,''),
	 (600670,0,0,0,0,0,0,''),
	 (600671,0,0,0,0,0,0,''),
	 (600672,0,0,0,0,0,0,'');

-- ======================================================
-- CREATURE TEMPLATE MODEL
-- ======================================================
DELETE FROM `creature_template_model` WHERE `CreatureID` IN (600665, 600666, 600667, 600668, 600669, 600670, 600671, 600672);

INSERT INTO `creature_template_model` (`CreatureID`,`Idx`,`CreatureDisplayID`,`DisplayScale`,`Probability`,`VerifiedBuild`) VALUES
	 (600665,0,1913,1,1,12340),
	 (600666,0,18373,1,1,12340),
	 (600667,0,9018,1,1,12340),
	 (600668,0,22833,1,1,12340),
	 (600669,0,19950,1,1,12340),
	 (600670,0,20045,1,1,12340),
	 (600671,0,14556,1.5,1,12340),
	 (600672,0,10543,1,1,12340);

-- ======================================================
-- CREATURE TEMPLATE SPELL
-- ======================================================
DELETE FROM `creature_template_spell` WHERE `CreatureID` IN (600665, 600666, 600667, 600668, 600669, 600670, 600671, 600672);

INSERT INTO `creature_template_spell` (`CreatureID`,`Index`,`Spell`,`VerifiedBuild`) VALUES
	 (600665,0,13321,12340),
	 (600665,1,30849,12340),
	 (600666,0,75,12340),
	 (600666,1,37488,12340),
	 (600667,0,17547,12340),
	 (600668,0,45046,0),
	 (600669,0,36778,12340),
	 (600669,1,36784,12340),
	 (600669,2,36786,12340),
	 (600670,0,33804,0),
	 (600671,0,17146,0),
	 (600671,1,23224,0),
	 (600671,2,18670,0),
	 (600671,3,20989,0),
	 (600672,0,8255,12340),
	 (600672,1,13459,12340),
	 (600672,2,12745,12340),
	 (600672,3,8269,12340);

-- ======================================================
-- CREATURE ONKILL REPUTATION
-- ======================================================
DELETE FROM `creature_onkill_reputation` WHERE `creature_id` IN (600665, 600666, 600667, 600668, 600669, 600670, 600671, 600672);

INSERT INTO `creature_onkill_reputation` (`creature_id`,`RewOnKillRepFaction1`,`RewOnKillRepFaction2`,`MaxStanding1`,`IsTeamAward1`,`RewOnKillRepValue1`,`MaxStanding2`,`IsTeamAward2`,`RewOnKillRepValue2`,`TeamDependent`) VALUES
	 (600665,946,947,5,0,1,5,0,1,1),
	 (600669,935,0,7,0,24,0,0,0,0);

-- ======================================================
-- CREATURE EQUIP TEMPLATE
-- ======================================================
DELETE FROM `creature_equip_template` WHERE `CreatureID` IN (600665, 600666, 600667, 600668, 600669, 600670, 600671, 600672);

INSERT INTO `creature_equip_template` (`CreatureID`,`ID`,`ItemID1`,`ItemID2`,`ItemID3`,`VerifiedBuild`) VALUES
	 (600667,1,2183,0,0,18019),
	 (600668,1,29362,0,0,18019),
	 (600669,1,13622,0,0,18019),
	 (600670,1,10613,10613,0,18019);

-- ======================================================
-- CREATURE LOOT TEMPLATE
-- ======================================================
DELETE FROM `creature_loot_template` WHERE `Entry` IN (600665, 600666, 600667, 600668, 600669, 600670, 600671, 600672);

INSERT INTO `creature_loot_template` (`Entry`,`Item`,`Reference`,`Chance`,`QuestRequired`,`LootMode`,`GroupId`,`MinCount`,`MaxCount`,`Comment`) VALUES
	 (600665,5760,0,0.4638,0,1,0,1,1,'Felhound Manastalker - Eternium Lockbox'),
	 (600665,24000,24000,5,0,1,1,1,1,'Felhound Manastalker - (ReferenceTable)'),
	 (600665,24002,24002,5,0,1,1,1,1,'Felhound Manastalker - (ReferenceTable)'),
	 (600665,24003,24003,1,0,1,1,1,1,'Felhound Manastalker - (ReferenceTable)'),
	 (600665,24004,24004,0.5,0,1,1,1,1,'Felhound Manastalker - (ReferenceTable)'),
	 (600665,24006,24006,0.5,0,1,1,1,1,'Felhound Manastalker - (ReferenceTable)'),
	 (600665,24009,24009,1,0,1,1,1,1,'Felhound Manastalker - (ReferenceTable)'),
	 (600665,24011,24011,1,0,1,1,1,1,'Felhound Manastalker - (ReferenceTable)'),
	 (600665,24022,24022,1,0,1,1,1,1,'Felhound Manastalker - (ReferenceTable)'),
	 (600665,24023,24023,1,0,1,1,1,1,'Felhound Manastalker - (ReferenceTable)'),
	 (600665,25417,0,66.4645,0,1,0,2,4,'Felhound Manastalker - Bloody Fang'),
	 (600665,25418,0,6.3503,0,1,0,2,8,'Felhound Manastalker - Razor Sharp Fang'),
	 (600665,25420,0,16.8034,0,1,0,2,4,'Felhound Manastalker - Severed Claw'),
	 (600665,25421,0,1.6054,0,1,0,2,7,'Felhound Manastalker - Gnarled Claw'),
	 (600666,1,6001,90,0,1,0,1,1,'Terrorfiend - (ReferenceTable)'),
	 (600666,2,6003,2,0,1,0,1,1,'Terrorfiend - (ReferenceTable)'),
	 (600666,13444,0,1,0,1,0,1,1,'Terrorfiend - Major Mana Potion'),
	 (600666,13446,0,2,0,1,0,1,1,'Terrorfiend - Major Healing Potion'),
	 (600666,21877,0,70,0,1,0,1,3,'Terrorfiend - Netherweave Cloth'),
	 (600666,23269,0,30,1,1,0,1,1,'Terrorfiend - Felblood Sample'),
	 (600666,27854,0,7,0,1,0,1,1,'Terrorfiend - Smoked Talbuk Venison'),
	 (600666,28399,0,3.5,0,1,0,1,1,'Terrorfiend - Filtered Draenic Water'),
	 (600667,4500,0,0.24,0,1,0,1,1,'Hederine Slayer - Traveler''s Backpack'),
	 (600667,5759,0,0.4308,0,1,0,1,1,'Hederine Slayer - Thorium Lockbox'),
	 (600667,7909,0,0.201,0,1,0,1,1,'Hederine Slayer - Aquamarine'),
	 (600667,7910,0,0.2298,0,1,0,1,1,'Hederine Slayer - Star Ruby'),
	 (600667,8948,0,10.2814,0,1,0,1,4,'Hederine Slayer - Dried King Bolete'),
	 (600667,12361,0,0.02,0,1,0,1,1,'Hederine Slayer - Blue Sapphire'),
	 (600667,12364,0,0.02,0,1,0,1,1,'Hederine Slayer - Huge Emerald'),
	 (600667,12365,0,0.2,0,1,0,1,1,'Hederine Slayer - Dense Stone'),
	 (600667,12662,0,12.8662,0,1,0,1,1,'Hederine Slayer - Demonic Rune'),
	 (600667,12682,0,0.02,0,1,0,1,1,'Hederine Slayer - Plans: Thorium Armor'),
	 (600667,12683,0,0.02,0,1,0,1,1,'Hederine Slayer - Plans: Thorium Belt'),
	 (600667,12684,0,0.02,0,1,0,1,1,'Hederine Slayer - Plans: Thorium Bracers'),
	 (600667,12685,0,0.02,0,1,0,1,1,'Hederine Slayer - Plans: Radiant Belt'),
	 (600667,12689,0,0.02,0,1,0,1,1,'Hederine Slayer - Plans: Radiant Breastplate'),
	 (600667,12691,0,0.02,0,1,0,1,1,'Hederine Slayer - Plans: Wildthorn Mail'),
	 (600667,12693,0,0.06,0,1,0,1,1,'Hederine Slayer - Plans: Thorium Boots'),
	 (600667,12694,0,0.02,0,1,0,1,1,'Hederine Slayer - Plans: Thorium Helm'),
	 (600667,12695,0,0.04,0,1,0,1,1,'Hederine Slayer - Plans: Radiant Gloves'),
	 (600667,12697,0,0.02,0,1,0,1,1,'Hederine Slayer - Plans: Radiant Boots'),
	 (600667,12704,0,0.02,0,1,0,1,1,'Hederine Slayer - Plans: Thorium Leggings'),
	 (600667,12713,0,0.02,0,1,0,1,1,'Hederine Slayer - Plans: Radiant Leggings'),
	 (600667,13490,0,0.04,0,1,0,1,1,'Hederine Slayer - Recipe: Greater Stoneshield Potion'),
	 (600667,13492,0,0.04,0,1,0,1,1,'Hederine Slayer - Recipe: Purification Potion'),
	 (600667,14047,0,31.1315,0,1,0,1,4,'Hederine Slayer - Runecloth'),
	 (600667,14256,0,5.112,0,1,0,1,1,'Hederine Slayer - Felcloth'),
	 (600667,14466,0,0.02,0,1,0,1,1,'Hederine Slayer - Pattern: Frostweave Tunic'),
	 (600667,14467,0,0.02,0,1,0,1,1,'Hederine Slayer - Pattern: Frostweave Robe'),
	 (600667,14470,0,0.02,0,1,0,1,1,'Hederine Slayer - Pattern: Runecloth Tunic'),
	 (600667,14474,0,0.02,0,1,0,1,1,'Hederine Slayer - Pattern: Frostweave Gloves'),
	 (600667,14478,0,0.02,0,1,0,1,1,'Hederine Slayer - Pattern: Brightcloth Robe'),
	 (600667,14479,0,0.02,0,1,0,1,1,'Hederine Slayer - Pattern: Brightcloth Gloves'),
	 (600667,14484,0,0.02,0,1,0,1,1,'Hederine Slayer - Pattern: Brightcloth Cloak'),
	 (600667,14489,0,0.02,0,1,0,1,1,'Hederine Slayer - Pattern: Frostweave Pants'),
	 (600667,14491,0,0.02,0,1,0,1,1,'Hederine Slayer - Pattern: Runecloth Pants'),
	 (600667,14492,0,0.02,0,1,0,1,1,'Hederine Slayer - Pattern: Felcloth Boots'),
	 (600667,14494,0,0.04,0,1,0,1,1,'Hederine Slayer - Pattern: Brightcloth Pants'),
	 (600667,14496,0,0.04,0,1,0,1,1,'Hederine Slayer - Pattern: Felcloth Hood'),
	 (600667,14498,0,0.06,0,1,0,1,1,'Hederine Slayer - Pattern: Runecloth Headband'),
	 (600667,14499,0,0.04,0,1,0,1,1,'Hederine Slayer - Pattern: Mooncloth Bag'),
	 (600667,14504,0,0.02,0,1,0,1,1,'Hederine Slayer - Pattern: Runecloth Shoulders'),
	 (600667,14506,0,0.02,0,1,0,1,1,'Hederine Slayer - Pattern: Felcloth Robe'),
	 (600667,14508,0,0.04,0,1,0,1,1,'Hederine Slayer - Pattern: Felcloth Shoulders'),
	 (600667,15731,0,0.02,0,1,0,1,1,'Hederine Slayer - Pattern: Runic Leather Gauntlets'),
	 (600667,15737,0,0.02,0,1,0,1,1,'Hederine Slayer - Pattern: Chimeric Boots'),
	 (600667,15743,0,0.02,0,1,0,1,1,'Hederine Slayer - Pattern: Heavy Scorpid Belt'),
	 (600667,15745,0,0.04,0,1,0,1,1,'Hederine Slayer - Pattern: Runic Leather Belt'),
	 (600667,15746,0,0.04,0,1,0,1,1,'Hederine Slayer - Pattern: Chimeric Leggings'),
	 (600667,15755,0,0.02,0,1,0,1,1,'Hederine Slayer - Pattern: Chimeric Vest'),
	 (600667,15757,0,0.02,0,1,0,1,1,'Hederine Slayer - Pattern: Wicked Leather Pants'),
	 (600667,15765,0,0.04,0,1,0,1,1,'Hederine Slayer - Pattern: Runic Leather Pants'),
	 (600667,16043,0,0.02,0,1,0,1,1,'Hederine Slayer - Schematic: Thorium Rifle'),
	 (600667,16051,0,0.04,0,1,0,1,1,'Hederine Slayer - Schematic: Thorium Shells'),
	 (600667,16055,0,0.02,0,1,0,1,1,'Hederine Slayer - Schematic: Arcane Bomb'),
	 (600667,16215,0,0.02,0,1,0,1,1,'Hederine Slayer - Formula: Enchant Boots - Greater Stamina'),
	 (600667,16218,0,0.02,0,1,0,1,1,'Hederine Slayer - Formula: Enchant Bracer - Superior Spirit'),
	 (600667,16220,0,0.02,0,1,0,1,1,'Hederine Slayer - Formula: Enchant Boots - Spirit'),
	 (600667,16245,0,0.02,0,1,0,1,1,'Hederine Slayer - Formula: Enchant Boots - Greater Agility'),
	 (600667,16251,0,0.04,0,1,0,1,1,'Hederine Slayer - Formula: Enchant Bracer - Superior Stamina'),
	 (600667,18335,0,0.1436,0,1,0,1,1,'Hederine Slayer - Pristine Black Diamond'),
	 (600667,18604,0,80,1,1,0,1,1,'Hederine Slayer - Tears of the Hederine'),
	 (600667,18665,0,1.0626,0,1,0,1,1,'Hederine Slayer - The Eye of Shadow'),
	 (600667,19233,0,0.0287,0,1,0,1,1,'Hederine Slayer - Five of Beasts'),
	 (600667,19234,0,0.02,0,1,0,1,1,'Hederine Slayer - Six of Beasts'),
	 (600667,19235,0,0.02,0,1,0,1,1,'Hederine Slayer - Seven of Beasts'),
	 (600667,19236,0,0.04,0,1,0,1,1,'Hederine Slayer - Eight of Beasts'),
	 (600667,19262,0,0.0287,0,1,0,1,1,'Hederine Slayer - Five of Warlords'),
	 (600667,19263,0,0.0287,0,1,0,1,1,'Hederine Slayer - Six of Warlords'),
	 (600667,19264,0,0.02,0,1,0,1,1,'Hederine Slayer - Seven of Warlords'),
	 (600667,19265,0,0.02,0,1,0,1,1,'Hederine Slayer - Eight of Warlords'),
	 (600667,19272,0,0.02,0,1,0,1,1,'Hederine Slayer - Five of Elementals'),
	 (600667,19273,0,0.0287,0,1,0,1,1,'Hederine Slayer - Six of Elementals'),
	 (600667,19274,0,0.02,0,1,0,1,1,'Hederine Slayer - Seven of Elementals'),
	 (600667,19275,0,0.02,0,1,0,1,1,'Hederine Slayer - Eight of Elementals'),
	 (600667,19281,0,0.02,0,1,0,1,1,'Hederine Slayer - Five of Portals'),
	 (600667,19282,0,0.02,0,1,0,1,1,'Hederine Slayer - Six of Portals'),
	 (600667,19283,0,0.0287,0,1,0,1,1,'Hederine Slayer - Seven of Portals'),
	 (600667,19284,0,0.02,0,1,0,1,1,'Hederine Slayer - Eight of Portals'),
	 (600667,21105,0,6,0,1,0,1,1,'Hederine Slayer - Draconic for Dummies'),
	 (600667,24016,24016,1,0,1,1,1,1,'Hederine Slayer - (ReferenceTable)'),
	 (600667,24017,24017,0.5,0,1,1,1,1,'Hederine Slayer - (ReferenceTable)'),
	 (600667,24018,24018,1,0,1,1,1,1,'Hederine Slayer - (ReferenceTable)'),
	 (600667,24019,24019,0.5,0,1,1,1,1,'Hederine Slayer - (ReferenceTable)'),
	 (600667,24024,24024,5,0,1,1,1,1,'Hederine Slayer - (ReferenceTable)'),
	 (600667,24031,24031,1,0,1,1,1,1,'Hederine Slayer - (ReferenceTable)'),
	 (600667,24032,24032,0.5,0,1,1,1,1,'Hederine Slayer - (ReferenceTable)'),
	 (600667,24033,24033,1,0,1,1,1,1,'Hederine Slayer - (ReferenceTable)'),
	 (600667,24034,24034,0.5,0,1,1,1,1,'Hederine Slayer - (ReferenceTable)'),
	 (600667,24036,24036,5,0,1,1,1,1,'Hederine Slayer - (ReferenceTable)'),
	 (600667,24088,24088,0.1,0,1,1,1,1,'Hederine Slayer - (ReferenceTable)'),
	 (600667,24089,24089,0.1,0,1,1,1,1,'Hederine Slayer - (ReferenceTable)'),
	 (600667,24090,24090,0.1,0,1,1,1,1,'Hederine Slayer - (ReferenceTable)'),
	 (600669,19235,0,0.02,0,1,0,1,1,'Eredar Soul-Eater - Seven of Beasts'),
	 (600669,19262,0,0.02,0,1,0,1,1,'Eredar Soul-Eater - Five of Warlords'),
	 (600669,19265,0,0.04,0,1,0,1,1,'Eredar Soul-Eater - Eight of Warlords'),
	 (600669,19275,0,0.02,0,1,0,1,1,'Eredar Soul-Eater - Eight of Elementals'),
	 (600669,19282,0,0.02,0,1,0,1,1,'Eredar Soul-Eater - Six of Portals'),
	 (600669,21877,0,22.48,0,1,0,2,3,'Eredar Soul-Eater - Netherweave Cloth'),
	 (600669,22153,0,0.02,0,1,0,1,1,'Eredar Soul-Eater - Tome of Arcane Brilliance 2'),
	 (600669,22903,0,0.2,0,1,0,1,1,'Eredar Soul-Eater - Recipe: Insane Strength Potion'),
	 (600669,23437,0,0.02,0,1,0,1,1,'Eredar Soul-Eater - Talasite'),
	 (600669,23438,0,0.02,0,1,0,1,1,'Eredar Soul-Eater - Star of Elune'),
	 (600669,23884,0,0.2,0,1,0,1,1,'Eredar Soul-Eater - Schematic: Mana Potion Injector'),
	 (600669,24001,24001,5,0,1,1,1,1,'Eredar Soul-Eater - (ReferenceTable)'),
	 (600669,24002,24002,5,0,1,1,1,1,'Eredar Soul-Eater - (ReferenceTable)'),
	 (600669,24009,24009,1,0,1,1,1,1,'Eredar Soul-Eater - (ReferenceTable)'),
	 (600669,24011,24011,1,0,1,1,1,1,'Eredar Soul-Eater - (ReferenceTable)'),
	 (600669,24012,24012,0.5,0,1,1,1,1,'Eredar Soul-Eater - (ReferenceTable)'),
	 (600669,24013,24013,1,0,1,1,1,1,'Eredar Soul-Eater - (ReferenceTable)'),
	 (600669,24014,24014,0.5,0,1,1,1,1,'Eredar Soul-Eater - (ReferenceTable)'),
	 (600669,24015,24015,0.1,0,1,1,1,1,'Eredar Soul-Eater - (ReferenceTable)'),
	 (600669,24035,24035,2,0,1,1,1,1,'Eredar Soul-Eater - (ReferenceTable)'),
	 (600669,24092,24092,0.5,0,1,1,1,1,'Eredar Soul-Eater - (ReferenceTable)'),
	 (600669,27854,0,4.57,0,1,0,1,1,'Eredar Soul-Eater - Smoked Talbuk Venison'),
	 (600669,27860,0,1.99,0,1,0,1,1,'Eredar Soul-Eater - Purified Draenic Water'),
	 (600669,29549,0,0.06,0,1,0,1,1,'Eredar Soul-Eater - Codex: Prayer of Fortitude III'),
	 (600669,29550,0,0.02,0,1,0,1,1,'Eredar Soul-Eater - Tome of Conjure Water IX'),
	 (600669,29740,0,6,0,1,0,1,1,'Eredar Soul-Eater - Fel Armament'),
	 (600669,30809,0,38,0,1,0,1,1,'Eredar Soul-Eater - Mark of Sargeras'),
	 (600669,31886,0,0.02,0,1,0,1,1,'Eredar Soul-Eater - Seven of Blessings'),
	 (600669,31952,0,0.19,0,1,0,1,1,'Eredar Soul-Eater - Khorium Lockbox'),
	 (600669,32902,0,3.73,0,1,0,1,3,'Eredar Soul-Eater - Bottled Nethergon Energy'),
	 (600669,32905,0,0.98,0,1,0,1,3,'Eredar Soul-Eater - Bottled Nethergon Vapor'),
	 (600670,1,6003,2,0,1,0,1,1,'Wrathguard - (ReferenceTable)'),
	 (600670,2,6000,90,0,1,0,1,1,'Wrathguard - (ReferenceTable)'),
	 (600670,5759,0,0.15,0,1,0,1,1,'Wrathguard - Thorium Lockbox'),
	 (600670,13444,0,1.5,0,1,0,1,1,'Wrathguard - Major Mana Potion'),
	 (600670,13446,0,3,0,1,0,1,1,'Wrathguard - Major Healing Potion'),
	 (600670,27854,0,8,0,1,0,1,1,'Wrathguard - Smoked Talbuk Venison'),
	 (600670,28399,0,4,0,1,0,1,1,'Wrathguard - Filtered Draenic Water'),
	 (600670,28513,0,85,1,1,0,1,1,'Wrathguard - Demonic Rune Stone'),
	 (600671,0,100500,100,0,1,0,1,1,'Lord Zul''etekk - Custom Boss Loot'),
	 (600671,43949,0,100,0,1,0,1,2,'Lord Zul''etekk - Delve Token'),
	 (600672,0,100500,100,0,1,0,1,1,'Rugoldt The Corrupt - Custom Boss Loot'),
	 (600672,43949,0,100,0,1,0,1,2,'Rugoldt The Corrupt - Delve Token');

-- ======================================================
-- SKINNING LOOT TEMPLATE
-- ======================================================
DELETE FROM `skinning_loot_template` WHERE `Entry` IN (600665, 600666, 600667, 600668, 600669, 600670, 600671, 600672);

INSERT INTO `skinning_loot_template` (`Entry`,`Item`,`Reference`,`Chance`,`QuestRequired`,`LootMode`,`GroupId`,`MinCount`,`MaxCount`,`Comment`) VALUES
	 (600665,21887,0,25,0,1,1,1,1,NULL),
	 (600665,25649,0,0,0,1,1,1,1,NULL),
	 (600665,25707,0,5,0,1,1,1,1,NULL),
	 (600665,35229,0,25,1,1,0,1,1,NULL);

-- ======================================================
-- CREATURE SPAWNS (spawntimesecs = 1800)
-- ======================================================
DELETE FROM `creature` WHERE `id1` IN (600665, 600666, 600667, 600668, 600669, 600670, 600671, 600672);

INSERT INTO `creature` (`guid`,`id1`,`id2`,`id3`,`map`,`zoneId`,`areaId`,`spawnMask`,`phaseMask`,`equipment_id`,`position_x`,`position_y`,`position_z`,`orientation`,`spawntimesecs`,`wander_distance`,`currentwaypoint`,`curhealth`,`curmana`,`MovementType`,`npcflag`,`unit_flags`,`dynamicflags`,`ScriptName`,`VerifiedBuild`,`CreateObject`,`Comment`) VALUES
	 (9001442,600665,0,0,911,0,0,1,1,0,-11736.6,-2498.2,-6.63576,1.05295,1800,10,0,163817,0,1,0,0,0,'',NULL,0,NULL),
	 (9001443,600665,0,0,911,0,0,1,1,0,-11704.5,-2479.32,-3.6972,0.732512,1800,10,0,163817,0,1,0,0,0,'',NULL,0,NULL),
	 (9001444,600665,0,0,911,0,0,1,1,0,-11685.7,-2431.39,-1.54968,2.01028,1800,20,0,159417,0,1,0,0,0,'',NULL,0,NULL),
	 (9001445,600665,0,0,911,0,0,1,1,0,-11732.3,-2400.79,-6.99547,2.6298,1800,5,0,163817,0,1,0,0,0,'',NULL,0,NULL),
	 (9001447,600665,0,0,911,0,0,1,1,0,-11813.7,-2401.77,-6.88766,5.2052,1800,0,0,159417,0,0,0,0,0,'',NULL,0,NULL),
	 (9001448,600665,0,0,911,0,0,1,1,0,-11806.2,-2451.8,-20.3099,4.39207,1800,0,0,159417,0,0,0,0,0,'',NULL,0,NULL),
	 (9001449,600665,0,0,911,0,0,1,1,0,-11842.5,-2485.72,-20.8605,3.47881,1800,0,0,159417,0,0,0,0,0,'',NULL,0,NULL),
	 (9001450,600665,0,0,911,0,0,1,1,0,-11807.6,-2511.4,-17.7124,3.93678,1800,0,0,163817,0,0,0,0,0,'',NULL,0,NULL),
	 (9001451,600665,0,0,911,0,0,1,1,0,-11823,-2561.78,-10.5586,4.47352,1800,10,0,163817,0,1,0,0,0,'',NULL,0,NULL),
	 (9001452,600665,0,0,911,0,0,1,1,0,-11817.2,-2586.91,-1.42781,4.56298,1800,10,0,159417,0,1,0,0,0,'',NULL,0,NULL),
	 (9001453,600665,0,0,911,0,0,1,1,0,-11888,-2647.61,-4.21875,3.01283,1800,10,0,163817,0,1,0,0,0,'',NULL,0,NULL),
	 (9001454,600665,0,0,911,0,0,1,1,0,-11901.2,-2665.11,-0.056919,4.43613,1800,10,0,163817,0,1,0,0,0,'',NULL,0,NULL),
	 (9001478,600665,0,0,911,0,0,1,1,0,-11967.1,-2593.63,-42.0745,4.93784,1800,10,0,163817,0,1,0,0,0,'',NULL,0,NULL),
	 (9001479,600665,0,0,911,0,0,1,1,0,-11963.9,-2617.34,-34.8643,5.09806,1800,10,0,163817,0,1,0,0,0,'',NULL,0,NULL),
	 (9001500,600665,0,0,911,0,0,1,1,0,-11953.4,-2397.48,0.216184,2.99111,1800,10,0,163817,0,1,0,0,0,'',NULL,0,NULL),
	 (9001501,600665,0,0,911,0,0,1,1,0,-11977.7,-2419.77,-0.25252,3.73335,1800,10,0,159417,0,1,0,0,0,'',NULL,0,NULL),
	 (9001507,600665,0,0,911,0,0,1,1,0,-11892.5,-2424.8,-3.73343,0.504733,1800,10,0,159417,0,1,0,0,0,'',NULL,0,NULL),
	 (9001515,600665,0,0,911,0,0,1,1,0,-11836.9,-2518.8,-18.6296,4.18299,1800,10,0,159417,0,1,0,0,0,'',NULL,0,NULL),
	 (9001517,600665,0,0,911,0,0,1,1,0,-11887.9,-2509.41,-26.8904,3.43513,1800,10,0,159417,0,1,0,0,0,'',NULL,0,NULL),
	 (9001518,600665,0,0,911,0,0,1,1,0,-11908.5,-2537.42,-38.0985,3.61671,1800,10,0,163817,0,1,0,0,0,'',NULL,0,NULL),
	 (9001519,600665,0,0,911,0,0,1,1,0,-11878,-2574.47,-21.114,5.51667,1800,10,0,159417,0,1,0,0,0,'',NULL,0,NULL),
	 (9001520,600666,0,0,911,0,0,1,1,0,-11664.8,-2361.3,3.70631,5.81617,1800,7,0,242314,0,1,0,0,0,'',NULL,0,NULL),
	 (9001521,600666,0,0,911,0,0,1,1,0,-11668.8,-2392.12,2.26969,4.1699,1800,0,0,242314,0,0,0,0,0,'',NULL,0,NULL),
	 (9001522,600666,0,0,911,0,0,1,1,0,-11689.9,-2385.25,-1.16172,2.32201,1800,10,0,242314,0,1,0,0,0,'',NULL,0,NULL),
	 (9001523,600666,0,0,911,0,0,1,1,0,-11690.6,-2348.5,3.9896,1.43545,1800,10,0,242314,0,1,0,0,0,'',NULL,0,NULL),
	 (9001524,600666,0,0,911,0,0,1,1,0,-11726.6,-2379.76,-6.96961,3.89603,1800,10,0,242314,0,1,0,0,0,'',NULL,0,NULL),
	 (9001525,600666,0,0,911,0,0,1,1,0,-11767.9,-2373.73,-5.70209,3.25114,1800,10,0,242314,0,1,0,0,0,'',NULL,0,NULL),
	 (9001526,600666,0,0,911,0,0,1,1,0,-11805.1,-2380.81,-3.6805,3.62365,1800,10,0,242314,0,1,0,0,0,'',NULL,0,NULL),
	 (9001527,600666,0,0,911,0,0,1,1,0,-11769.4,-2419.5,-13.8054,5.48622,1800,10,0,242314,0,1,0,0,0,'',NULL,0,NULL),
	 (9001528,600666,0,0,911,0,0,1,1,0,-11720.3,-2479.85,-5.82667,5.48622,1800,10,0,242314,0,1,0,0,0,'',NULL,0,NULL),
	 (9001529,600666,0,0,911,0,0,1,1,0,-11864.7,-2688.7,1.76562,0.76055,1800,10,0,242314,0,1,0,0,0,'',NULL,0,NULL),
	 (9001530,600666,0,0,911,0,0,1,1,0,-11889.4,-2666.71,-0.81502,1.96488,1800,10,0,242314,0,1,0,0,0,'',NULL,0,NULL),
	 (9001531,600666,0,0,911,0,0,1,1,0,-11833,-2633.29,5.0788,1.14775,1800,10,0,242314,0,1,0,0,0,'',NULL,0,NULL),
	 (9001532,600666,0,0,911,0,0,1,1,0,-12003.7,-2547.67,-37.9096,2.57191,1800,10,0,242314,0,1,0,0,0,'',NULL,0,NULL),
	 (9001533,600666,0,0,911,0,0,1,1,0,-12044.7,-2533.48,-40.9526,3.0005,1800,10,0,242314,0,1,0,0,0,'',NULL,0,NULL),
	 (9001534,600666,0,0,911,0,0,1,1,0,-11973.9,-2530.54,-47.9316,0.790782,1800,10,0,242314,0,1,0,0,0,'',NULL,0,NULL),
	 (9001535,600666,0,0,911,0,0,1,1,0,-11879.6,-2411.05,-0.375835,3.73036,1800,10,0,242314,0,1,0,0,0,'',NULL,0,NULL),
	 (9001536,600667,0,0,911,0,0,1,1,1,-11690.9,-2371.56,-0.18777,1.85337,1800,10,0,573903,0,1,0,0,0,'',NULL,0,NULL),
	 (9001537,600667,0,0,911,0,0,1,1,1,-11691.5,-2429.45,-1.22966,4.7225,1800,10,0,573903,0,1,0,0,0,'',NULL,0,NULL),
	 (9001538,600667,0,0,911,0,0,1,1,1,-11787,-2374.08,-4.84946,2.88348,1800,8,0,573903,0,1,0,0,0,'',NULL,0,NULL),
	 (9001539,600667,0,0,911,0,0,1,1,1,-11890.9,-2612.5,-5.16183,5.06233,1800,10,0,573903,0,1,0,0,0,'',NULL,0,NULL),
	 (9001540,600667,0,0,911,0,0,1,1,1,-11861,-2591.4,-10.6292,2.60294,1800,10,0,573903,0,1,0,0,0,'',NULL,0,NULL),
	 (9001541,600667,0,0,911,0,0,1,1,1,-11826.1,-2576.94,-7.45553,0.0434007,1800,10,0,573903,0,1,0,0,0,'',NULL,0,NULL),
	 (9001542,600667,0,0,911,0,0,1,1,1,-11797.7,-2561.88,-3.86216,0.0393952,1800,10,0,573903,0,1,0,0,0,'',NULL,0,NULL),
	 (9001543,600667,0,0,911,0,0,1,1,1,-12010.6,-2622.04,-35.5241,3.72401,1800,10,0,573903,0,1,0,0,0,'',NULL,0,NULL),
	 (9001544,600667,0,0,911,0,0,1,1,1,-12030.3,-2635.25,-31.8049,4.14859,1800,10,0,573903,0,1,0,0,0,'',NULL,0,NULL),
	 (9001545,600667,0,0,911,0,0,1,1,1,-12064.2,-2654.35,-29.2876,0.0604407,1800,10,0,573903,0,1,0,0,0,'',NULL,0,NULL),
	 (9001546,600667,0,0,911,0,0,1,1,1,-11968,-2417.12,-0.25252,5.7413,1800,10,0,573903,0,1,0,0,0,'',NULL,0,NULL),
	 (9001547,600667,0,0,911,0,0,1,1,1,-12001.6,-2415.84,3.27916,3.32879,1800,10,0,573903,0,1,0,0,0,'',NULL,0,NULL),
	 (9001548,600667,0,0,911,0,0,1,1,1,-11807.3,-2472.2,-20.3185,0.602202,1800,10,0,573903,0,1,0,0,0,'',NULL,0,NULL),
	 (9001549,600667,0,0,911,0,0,1,1,1,-11775.2,-2486.64,-14.808,1.32053,1800,10,0,573903,0,1,0,0,0,'',NULL,0,NULL),
	 (9001550,600667,0,0,911,0,0,1,1,1,-11845.7,-2534.52,-18.7193,3.64625,1800,10,0,573903,0,1,0,0,0,'',NULL,0,NULL),
	 (9001551,600668,0,0,911,0,0,1,1,1,-11715.5,-2435.59,-6.99556,2.51278,1800,10,0,219037,21310,1,0,0,0,'',NULL,0,NULL),
	 (9001552,600668,0,0,911,0,0,1,1,1,-11745.9,-2387.18,-6.99176,2.08019,1800,10,0,219037,21310,1,0,0,0,'',NULL,0,NULL),
	 (9001553,600668,0,0,911,0,0,1,1,1,-11811.9,-2613.36,5.68821,0.776572,1800,10,0,219037,21310,1,0,0,0,'',NULL,0,NULL),
	 (9001554,600668,0,0,911,0,0,1,1,1,-11854,-2616.06,-3.2423,3.5202,1800,10,0,219037,21310,1,0,0,0,'',NULL,0,NULL),
	 (9001555,600668,0,0,911,0,0,1,1,1,-12021.7,-2581.3,-29.1503,6.21961,1800,0,0,219037,21310,0,0,0,0,'',NULL,0,NULL),
	 (9001556,600668,0,0,911,0,0,1,1,1,-12021.8,-2589.12,-29.1614,6.19691,1800,0,0,219037,21310,0,0,0,0,'',NULL,0,NULL),
	 (9001557,600668,0,0,911,0,0,1,1,1,-12046.3,-2681.97,-16.2557,3.47716,1800,10,0,219037,21310,1,0,0,0,'',NULL,0,NULL),
	 (9001558,600668,0,0,911,0,0,1,1,1,-12098.8,-2610.71,-31.271,6.12733,1800,10,0,219037,21310,1,0,0,0,'',NULL,0,NULL),
	 (9001559,600668,0,0,911,0,0,1,1,1,-12117.2,-2572.99,-26.7071,0.13254,1800,10,0,219037,21310,1,0,0,0,'',NULL,0,NULL),
	 (9001560,600668,0,0,911,0,0,1,1,1,-11949.2,-2562.49,-42.1262,0.0884773,1800,10,0,219037,21310,1,0,0,0,'',NULL,0,NULL),
	 (9001561,600668,0,0,911,0,0,1,1,1,-11870.9,-2539.51,-27.5703,6.24482,1800,10,0,219037,21310,1,0,0,0,'',NULL,0,NULL),
	 (9001562,600668,0,0,911,0,0,1,1,1,-11880.7,-2466.32,-11.2318,1.85091,1800,10,0,219037,21310,1,0,0,0,'',NULL,0,NULL),
	 (9001563,600668,0,0,911,0,0,1,1,1,-11932.8,-2410.51,0.214737,0.423606,1800,10,0,219037,21310,1,0,0,0,'',NULL,0,NULL),
	 (9001564,600668,0,0,911,0,0,1,1,1,-11940.4,-2529.95,-45.0328,2.16404,1800,10,0,219037,21310,1,0,0,0,'',NULL,0,NULL),
	 (9001565,600669,0,0,911,0,0,1,1,1,-11735.8,-2425.62,-6.99692,5.67432,1800,7,0,114702,95080,1,0,0,0,'',NULL,0,NULL),
	 (9001566,600669,0,0,911,0,0,1,1,1,-11744.3,-2483.74,-6.99567,3.45526,1800,10,0,114702,95080,1,0,0,0,'',NULL,0,NULL),
	 (9001567,600669,0,0,911,0,0,1,1,1,-11777.3,-2519.56,-11.3668,4.42059,1800,10,0,114702,95080,1,0,0,0,'',NULL,0,NULL),
	 (9001568,600669,0,0,911,0,0,1,1,1,-11862.6,-2643.35,-2.00824,5.44953,1800,10,0,114702,95080,1,0,0,0,'',NULL,0,NULL),
	 (9001569,600669,0,0,911,0,0,1,1,1,-11933.7,-2667.15,-6.14485,2.9394,1800,10,0,114702,95080,1,0,0,0,'',NULL,0,NULL),
	 (9001570,600669,0,0,911,0,0,1,1,1,-11949.4,-2717.11,2.74402,0.902079,1800,10,0,111732,93300,1,0,0,0,'',NULL,0,NULL),
	 (9001571,600669,0,0,911,0,0,1,1,1,-11765.3,-2590.23,5.9333,5.54417,1800,10,0,111732,93300,1,0,0,0,'',NULL,0,NULL),
	 (9001572,600669,0,0,911,0,0,1,1,1,-11999.3,-2596.88,-38.4059,0.0217177,1800,0,0,111732,93300,0,0,0,0,'',NULL,0,NULL),
	 (9001573,600669,0,0,911,0,0,1,1,1,-11995.8,-2579.02,-39.4893,0.0592625,1800,0,0,114702,95080,0,0,0,0,'',NULL,0,NULL),
	 (9001574,600669,0,0,911,0,0,1,1,1,-12123.5,-2595.34,-26.8366,3.84951,1800,10,0,111732,93300,1,0,0,0,'',NULL,0,NULL),
	 (9001575,600669,0,0,911,0,0,1,1,1,-11992.6,-2398.36,3.52313,1.6266,1800,10,0,111732,93300,1,0,0,0,'',NULL,0,NULL),
	 (9001576,600669,0,0,911,0,0,1,1,1,-11908,-2436.03,-1.7312,0.18429,1800,7,0,111732,93300,1,0,0,0,'',NULL,0,NULL),
	 (9001577,600669,0,0,911,0,0,1,1,1,-11790.5,-2427.29,-14.3477,1.50078,1800,10,0,111732,93300,1,0,0,0,'',NULL,0,NULL),
	 (9001578,600669,0,0,911,0,0,1,1,1,-11889.2,-2528.27,-30.0939,4.41114,1800,10,0,111732,93300,1,0,0,0,'',NULL,0,NULL),
	 (9001579,600669,0,0,911,0,0,1,1,1,-11913.5,-2551.43,-38.2786,3.77026,1800,10,0,111732,93300,1,0,0,0,'',NULL,0,NULL),
	 (9001580,600670,0,0,911,0,0,1,1,1,-11748.6,-2526.06,-1.20599,4.37103,1800,10,0,178772,93300,1,0,0,0,'',NULL,0,NULL),
	 (9001581,600670,0,0,911,0,0,1,1,1,-11761.5,-2552.91,1.19371,3.99852,1800,10,0,178772,93300,1,0,0,0,'',NULL,0,NULL),
	 (9001582,600670,0,0,911,0,0,1,1,1,-11786.9,-2573.08,0.932271,3.67807,1800,10,0,178772,93300,1,0,0,0,'',NULL,0,NULL),
	 (9001583,600670,0,0,911,0,0,1,1,1,-11926.9,-2704.11,4.45285,6.16385,1800,0,0,178772,93300,0,0,0,0,'',NULL,0,NULL),
	 (9001584,600670,0,0,911,0,0,1,1,1,-11954.1,-2695.79,-3.25797,2.49361,1800,0,0,178772,93300,0,0,0,0,'',NULL,0,NULL),
	 (9001585,600670,0,0,911,0,0,1,1,1,-11959.1,-2661.21,-11.1056,1.59237,1800,0,0,178772,93300,0,0,0,0,'',NULL,0,NULL),
	 (9001586,600670,0,0,911,0,0,1,1,1,-11910.3,-2633.35,-4.88638,5.23057,1800,10,0,178772,93300,1,0,0,0,'',NULL,0,NULL),
	 (9001587,600670,0,0,911,0,0,1,1,1,-12069.6,-2629.83,-37.3307,1.46638,1800,10,0,178772,93300,1,0,0,0,'',NULL,0,NULL),
	 (9001588,600670,0,0,911,0,0,1,1,1,-12047.3,-2630.28,-35.8845,6.03921,1800,10,0,178772,93300,1,0,0,0,'',NULL,0,NULL),
	 (9001589,600670,0,0,911,0,0,1,1,1,-12027,-2665.99,-24.937,5.48644,1800,10,0,178772,93300,1,0,0,0,'',NULL,0,NULL),
	 (9001590,600670,0,0,911,0,0,1,1,1,-11963.7,-2394.07,0.271972,0.791956,1800,10,0,178772,93300,1,0,0,0,'',NULL,0,NULL),
	 (9001591,600670,0,0,911,0,0,1,1,1,-11911.1,-2404.46,3.09451,5.90019,1800,10,0,178772,93300,1,0,0,0,'',NULL,0,NULL),
	 (9001592,600670,0,0,911,0,0,1,1,1,-11750.7,-2452.5,-15.4112,0.0374214,1800,10,0,178772,93300,1,0,0,0,'',NULL,0,NULL),
	 (9001593,600670,0,0,911,0,0,1,1,1,-11825.5,-2490.71,-22.7311,3.93331,1800,10,0,178772,93300,1,0,0,0,'',NULL,0,NULL),
	 (9001594,600670,0,0,911,0,0,1,1,1,-11830.2,-2517.99,-18.6296,4.06549,1800,10,0,178772,93300,1,0,0,0,'',NULL,0,NULL),
	 (9001595,600670,0,0,911,0,0,1,1,1,-11895.5,-2551.12,-38.5715,2.86234,1800,10,0,178772,93300,1,0,0,0,'',NULL,0,NULL),
	 (9001596,600670,0,0,911,0,0,1,1,1,-11868,-2504.69,-23.6976,1.25211,1800,10,0,178772,93300,1,0,0,0,'',NULL,0,NULL),
	 (9001597,600670,0,0,911,0,0,1,1,1,-11936.2,-2597.65,-41.658,4.53916,1800,10,0,178772,93300,1,0,0,0,'',NULL,0,NULL),
	 (9001598,600670,0,0,911,0,0,1,1,1,-11944.7,-2618.02,-36.3705,4.59123,1800,10,0,178772,93300,1,0,0,0,'',NULL,0,NULL),
	 (9001599,600671,0,0,911,0,0,1,1,0,-11997.2,-2401.39,3.02096,5.94413,1800,0,0,461730,380320,0,0,0,0,'',NULL,0,NULL),
	 (9001600,600672,0,0,911,0,0,1,1,0,-12049.4,-2580.74,-26.6813,6.01399,1800,0,0,655270,0,0,0,0,0,'',NULL,0,NULL);

-- ======================================================
-- SMART SCRIPTS
-- ======================================================
UPDATE `creature_template` SET `AIName` = 'SmartAI' WHERE `entry` IN (600665, 600666, 600667, 600668, 600669, 600670, 600671, 600672);

DELETE FROM `smart_scripts` WHERE `source_type` = 0 AND `entryorguid` IN (600665, 600666, 600667, 600668, 600669, 600670, 600671, 600672);

INSERT INTO `smart_scripts` (`entryorguid`,`source_type`,`id`,`link`,`event_type`,`event_phase_mask`,`event_chance`,`event_flags`,`event_param1`,`event_param2`,`event_param3`,`event_param4`,`event_param5`,`event_param6`,`action_type`,`action_param1`,`action_param2`,`action_param3`,`action_param4`,`action_param5`,`action_param6`,`target_type`,`target_param1`,`target_param2`,`target_param3`,`target_param4`,`target_x`,`target_y`,`target_z`,`target_o`,`comment`) VALUES
	 (600665,0,0,0,0,0,100,6,1000,2500,11100,11300,0,0,11,13321,256,0,0,0,0,5,30,0,1,0,0,0,0,0,'Felhound Manastalker - In Combat - Cast ''Mana Burn'' (Dungeon)'),
	 (600665,0,1,0,105,0,100,6,3300,8700,12900,12900,0,30,11,30849,0,0,0,0,0,7,0,0,0,0,0,0,0,0,'Felhound Manastalker - On Hostile Casting in Range - Cast ''Spell Lock'' (Dungeon)'),
	 (600665,0,2,0,1,0,100,1,500,500,0,0,0,0,49,0,0,0,0,0,0,21,50,0,0,0,0,0,0,0,'Felhound Manastalker - Out of Combat - Start Attacking (No Repeat)'),
	 (600666,0,0,0,0,0,75,0,5000,5000,10000,10000,0,0,11,37488,0,0,0,0,0,2,0,0,0,0,0,0,0,0,'Terrorfiend - In Combat - Cast ''Fel Flames'''),
	 (600666,0,1,0,0,0,75,0,4000,4000,8000,8000,0,0,11,45,0,0,0,0,0,2,0,0,0,0,0,0,0,0,'Terrorfiend - In Combat - Cast ''War Stomp'''),
	 (600667,0,0,0,0,0,100,0,3700,4200,9600,13900,0,0,11,17547,0,0,0,0,0,2,0,0,0,0,0,0,0,0,'Hederine Slayer - In Combat - Cast ''Mortal Strike'''),
	 (600668,0,0,0,0,0,100,0,2000,4500,12000,20000,0,0,11,45046,0,0,0,0,0,2,0,0,0,0,0,0,0,0,'Eredar Sorcerer - In Combat - Cast ''Flames of Doom'''),
	 (600669,0,0,0,0,0,100,0,6000,15000,15000,22000,0,0,11,36786,0,0,0,0,0,1,0,0,0,0,0,0,0,0,'Eredar Soul-Eater - In Combat - Cast ''Soul Chill'''),
	 (600669,0,1,0,0,0,100,0,15000,17000,14000,21000,0,0,11,36778,32,0,0,0,0,2,0,0,0,0,0,0,0,0,'Eredar Soul-Eater - In Combat - Cast ''Soul Steal'''),
	 (600669,0,2,0,31,0,100,0,36778,0,0,0,0,0,11,36782,0,0,0,0,0,1,0,0,0,0,0,0,0,0,'Eredar Soul-Eater - On Target Spellhit ''Soul Steal'' - Cast ''Soul Steal'''),
	 (600670,0,0,0,0,0,75,0,5000,10000,15000,20000,0,0,11,33804,0,0,0,0,0,2,0,0,0,0,0,0,0,0,'Wrathguard - In Combat - Cast ''Flame Wave''');

-- ######################################################
-- END OF ALTAR OF STORMS EXPORT
-- ######################################################