INSERT INTO creature_template (entry,difficulty_entry_1,difficulty_entry_2,difficulty_entry_3,KillCredit1,KillCredit2,name,subname,IconName,gossip_menu_id,minlevel,maxlevel,`exp`,faction,npcflag,speed_walk,speed_run,speed_swim,speed_flight,detection_range,`scale`,`rank`,dmgschool,DamageModifier,BaseAttackTime,RangeAttackTime,BaseVariance,RangeVariance,unit_class,unit_flags,unit_flags2,dynamicflags,family,trainer_type,trainer_spell,trainer_class,trainer_race,`type`,type_flags,lootid,pickpocketloot,skinloot,PetSpellDataId,VehicleId,mingold,maxgold,AIName,MovementType,HoverHeight,HealthModifier,ManaModifier,ArmorModifier,ExperienceModifier,RacialLeader,movementId,RegenHealth,mechanic_immune_mask,spell_school_immune_mask,flags_extra,ScriptName,VerifiedBuild) VALUES
	 (600689,0,0,0,35297,0,'Scourge Adept','Delve','',0,83,83,2,168,0,1.0,1.14286,1.0,1.0,20.0,1.0,1,0,1.0,2000,2000,1.0,1.0,8,32768,2048,0,0,0,0,0,0,7,0,600689,0,0,0,0,1667,2779,'SmartAI',0,1.0,1.0,1.0,1.0,1.0,0,0,1,0,0,0,'',12340),
	 (600690,0,0,0,0,0,'Scourge Necromancer','Delve',NULL,0,83,83,0,168,0,1.0,1.14286,1.0,1.0,20.0,1.0,1,0,22.0,2000,2000,1.0,1.0,8,32768,2048,0,0,0,0,0,0,7,0,600690,600690,0,0,0,100,136,'SmartAI',0,1.0,32.4,30.0,1.0,1.0,0,0,1,0,0,0,'',12340),
	 (600691,0,0,0,25660,0,'Scourge Plaguebringer','Delve','',0,84,84,2,168,0,1.0,1.14857,1.0,1.0,20.0,1.0,1,0,32.0,2000,2000,1.0,1.0,8,32768,2048,0,0,0,0,0,0,7,0,600691,0,0,0,0,1049,1749,'SmartAI',0,1.0,32.67,30.0,1.0,1.0,0,0,1,0,0,0,'',12340),
	 (600692,0,0,0,0,0,'Scourged Overseer','Delve',NULL,0,84,84,0,168,0,1.0,1.14287,1.0,1.0,20.0,1.0,1,0,28.0,2000,2000,1.0,1.0,1,64,2048,0,0,0,0,0,0,6,0,600692,0,0,0,0,0,0,'SmartAI',0,1.0,32.4,30.0,1.0,1.0,0,0,1,8388624,0,0,'',12340),
	 (600693,30097,0,0,0,0,'Plagued Ghoul','Delve','',0,82,85,2,168,0,1.0,1.42868,1.0,1.0,20.0,1.0,1,0,33.0,1500,2000,1.0,1.0,1,32832,2048,8,0,0,0,0,0,6,72,100003,0,0,0,0,4011,5242,'SmartAI',0,1.0,30.0,1.0,1.0,1.0,0,144,1,1019421200,0,0,'',12340),
	 (600694,38446,0,0,0,0,'Frenzied Abomination','Delve','',0,84,84,2,168,0,1.0,1.14286,1.0,1.0,20.0,1.0,1,0,87.9,2000,2000,1.0,1.0,1,32832,2048,0,0,0,0,0,0,6,72,600694,0,0,0,0,0,0,'SmartAI',0,1.0,50.0,10.0,1.0,1.0,0,0,1,8388624,0,0,'',11159),
	 (600695,0,0,0,0,0,'Plaguehound','Delve',NULL,0,84,84,0,168,0,1.0,1.14286,1.0,1.0,20.0,1.0,1,0,38.0,2000,2000,1.0,1.0,1,0,2048,0,0,0,0,0,0,3,0,600695,0,600695,0,0,0,0,'SmartAI',1,1.0,27.87,10.0,1.0,1.0,0,0,1,0,0,0,'',12340),
	 (600696,0,0,0,0,0,'Infected Wild','Delve','',0,84,84,2,168,0,1.0,1.14286,1.0,1.0,20.0,1.0,1,0,35.0,2000,2000,1.0,1.0,1,0,2048,0,0,0,0,0,0,1,1,600696,0,70202,0,0,0,0,'SmartAI',0,1.0,27.2,1.0,1.0,1.0,0,0,1,0,0,0,'',12340),
	 (600697,0,0,0,0,0,'Plagued Maggot','Delve',NULL,0,84,84,0,168,0,1.0,1.14286,1.0,1.0,5.0,1.0,1,0,14.0,2000,2000,1.0,1.0,1,0,2048,0,0,0,0,0,0,8,0,0,0,0,0,0,0,0,'SmartAI',0,1.0,13.5,1.0,1.0,1.0,0,0,1,0,0,0,'',12340),
	 (600698,0,0,0,0,0,'Ghubo','Delve Boss',NULL,0,85,85,0,168,0,1.0,1.14286,1.0,1.0,20.0,1.8,3,0,41.0,2800,2000,1.0,1.0,1,64,2048,0,0,0,0,0,0,6,4,600698,0,0,0,0,259,873,'',1,1.0,130.3,1.0,1.0,2.0,0,0,1,8388624,0,0,'',12340),
     (600699,0,0,0,0,0,'Rhulk The Diseased','Delve Boss',NULL,0,85,85,0,168,0,1.62,1.14286,1.0,1.0,5.0,1.0,3,0,31.0,2000,2000,1.0,1.0,1,0,2048,0,0,0,0,0,0,7,4,600699,0,0,0,0,575,756,'',0,1.0,90.0,2.0,1.0,2.0,0,0,1,8388624,0,0,'',12340),
	 (600700,0,0,0,0,0,'Savathûn, The Redeemer','Delve Boss','',0,85,85,2,168,0,1.44444,1.5873,1.0,1.0,20.0,4.0,3,0,36.0,1950,2000,1.0,1.0,1,0,2048,0,0,0,0,0,0,2,4,600700,0,70202,0,0,0,0,'',0,3.0,100.0,5.0,1.0,1.0,0,0,1,40583007,0,0,'',12340);



INSERT INTO creature_template_addon (entry,path_id,mount,bytes1,bytes2,emote,visibilityDistanceType,auras) VALUES
	 (600693,0,0,0,1,0,3,'19818');


INSERT INTO creature_template_model (CreatureID,Idx,CreatureDisplayID,DisplayScale,Probability,VerifiedBuild) VALUES
	 (600689,0,24584,1.0,1.0,12340),
	 (600689,1,24582,1.0,1.0,12340),
	 (600690,0,10427,1.0,1.0,12340),
	 (600690,1,10428,1.0,1.0,12340),
	 (600690,2,10429,1.0,1.0,12340),
	 (600690,3,10430,1.0,1.0,12340),
	 (600691,0,23294,1.0,1.0,12340),
	 (600691,1,23307,1.0,1.0,12340),
	 (600692,0,14698,1.0,1.0,12340),
	 (600693,0,24998,1.0,1.0,12340),
	 (600694,0,16206,1.0,1.0,11159),
	 (600695,0,7891,1.0,1.0,12340),
	 (600696,0,1083,1.0,1.0,12340),
	 (600696,1,23952,1.0,0.0,0),
	 (600696,2,10091,1.0,0.0,0),
	 (600696,3,6805,1.0,0.0,0),
	 (600697,0,9903,1.0,1.0,12340),
	 (600697,1,9904,1.0,1.0,12340),
	 (600697,2,9905,1.0,1.0,12340),
	 (600697,3,9906,1.0,1.0,12340),
	 (600698,0,7864,1.8,1.0,12340),
	 (600699,0,6124,1.0,1.0,12340),
	 (600700,0,27710,4.0,1.0,12340);


INSERT INTO creature_template_spell (CreatureID,`Index`,Spell,VerifiedBuild) VALUES
	 (600689,0,58847,0),
	 (600689,1,60646,0),
	 (600689,2,17238,0),
	 (600690,0,12420,0),
	 (600690,1,20812,12340),
	 (600690,2,16592,0),
	 (600691,0,45850,0),
	 (600691,1,45820,0),
	 (600691,2,50356,0),
	 (600691,3,45864,0),
	 (600692,0,24110,12340),
	 (600692,1,31601,0),
	 (600693,0,55876,0),
	 (600694,0,70191,0),
	 (600694,1,70371,0),
	 (600695,0,3427,12340),
	 (600696,0,49861,0),
	 (600697,0,16449,0),
	 (600698,0,16345,12340),
	 (600698,1,12795,0),
	 (600699,0,12946,12340),
	 (600699,1,11441,12340),
	 (600700,0,21862,0),
	 (600700,1,9573,0),
	 (600700,2,8876,0),
	 (600700,3,60667,0);


INSERT INTO creature_onkill_reputation (creature_id,RewOnKillRepFaction1,RewOnKillRepFaction2,MaxStanding1,IsTeamAward1,RewOnKillRepValue1,MaxStanding2,IsTeamAward2,RewOnKillRepValue2,TeamDependent) VALUES
	 (600690,529,0,5,0,10.0,0,0,0.0,0),
	 (600692,529,0,7,0,30.0,0,0,0.0,0),
	 (600694,1156,0,7,0,15.0,0,0,0.0,0);


INSERT INTO creature_equip_template (CreatureID,ID,ItemID1,ItemID2,ItemID3,VerifiedBuild) VALUES
	 (600690,1,2559,0,0,18019),
	 (600691,1,13698,0,0,18019);


INSERT INTO creature_loot_template (Entry,Item,Reference,Chance,QuestRequired,LootMode,GroupId,MinCount,MaxCount,Comment) VALUES
	 (600689,24727,24727,1.5,0,1,0,1,1,'Shadow Adept - (ReferenceTable)'),
	 (600689,26001,26001,3.0,0,1,1,1,1,'Shadow Adept - (ReferenceTable)'),
	 (600689,26002,26002,3.0,0,1,1,1,1,'Shadow Adept - (ReferenceTable)'),
	 (600689,26013,26013,1.0,0,1,1,1,1,'Shadow Adept - (ReferenceTable)'),
	 (600689,26014,26014,1.0,0,1,1,1,1,'Shadow Adept - (ReferenceTable)'),
	 (600689,26015,26015,1.0,0,1,1,1,1,'Shadow Adept - (ReferenceTable)'),
	 (600689,26040,26040,36.4,0,1,0,1,1,'Shadow Adept - (ReferenceTable)'),
	 (600689,33365,0,0.1,0,1,0,1,1,'Shadow Adept - Frost-Rimed Cloth Belt'),
	 (600689,33366,0,0.2,0,1,0,1,1,'Shadow Adept - Frost-Rimed Cloth Boots'),
	 (600689,33367,0,0.1,0,1,0,1,1,'Shadow Adept - Frost-Rimed Cloth Bracers'),
	 (600689,33368,0,0.1,0,1,0,1,1,'Shadow Adept - Frost-Rimed Cloth Gloves'),
	 (600689,33369,0,0.2,0,1,0,1,1,'Shadow Adept - Frost-Rimed Cloth Pants'),
	 (600689,33370,0,0.1,0,1,0,1,1,'Shadow Adept - Frost-Rimed Cloth Shoulderpads'),
	 (600689,33371,0,0.1,0,1,0,1,1,'Shadow Adept - Frost-Rimed Cloth Vest'),
	 (600689,33379,0,0.1,0,1,0,1,1,'Shadow Adept - Frozen Armor'),
	 (600689,33380,0,0.2,0,1,0,1,1,'Shadow Adept - Frozen Belt'),
	 (600689,33381,0,0.2,0,1,0,1,1,'Shadow Adept - Frozen Boots'),
	 (600689,33382,0,0.1,0,1,0,1,1,'Shadow Adept - Frozen Bracers'),
	 (600689,33384,0,0.1,0,1,0,1,1,'Shadow Adept - Frozen Pants'),
	 (600689,33398,0,0.1,0,1,0,1,1,'Shadow Adept - Frigid Mail Belt'),
	 (600689,33399,0,0.1,0,1,0,1,1,'Shadow Adept - Frigid Mail Boots'),
	 (600689,33400,0,0.2,0,1,0,1,1,'Shadow Adept - Frigid Mail Bracers'),
	 (600689,33401,0,0.1,0,1,0,1,1,'Shadow Adept - Frigid Mail Gloves'),
	 (600689,33403,0,0.1,0,1,0,1,1,'Shadow Adept - Frigid Mail Shoulderpads'),
	 (600689,33412,0,0.1,0,1,0,1,1,'Shadow Adept - Frost-Worn Plate Belt'),
	 (600689,33414,0,0.1,0,1,0,1,1,'Shadow Adept - Frost-Worn Plate Bracers'),
	 (600689,33415,0,0.2,0,1,0,1,1,'Shadow Adept - Frost-Worn Plate Chestpiece'),
	 (600689,33416,0,0.1,0,1,0,1,1,'Shadow Adept - Frost-Worn Plate Gloves'),
	 (600689,33419,0,0.1,0,1,0,1,1,'Shadow Adept - Frost-Worn Plate Shoulderpads'),
	 (600689,33422,0,0.7,0,1,0,1,1,'Shadow Adept - Shattered Bow'),
	 (600689,33423,0,0.3,0,1,0,1,1,'Shadow Adept - Rime-Covered Mace'),
	 (600689,33424,0,0.2,0,1,0,1,1,'Shadow Adept - Cracked Iron Staff'),
	 (600689,33425,0,0.2,0,1,0,1,1,'Shadow Adept - Ice-Pitted Blade'),
	 (600689,33426,0,0.3,0,1,0,1,1,'Shadow Adept - Chipped Timber Axe'),
	 (600689,33427,0,0.2,0,1,0,1,1,'Shadow Adept - Frost-Encrusted Rifle'),
	 (600689,33428,0,0.2,0,1,0,1,1,'Shadow Adept - Dulled Shiv'),
	 (600689,33429,0,0.2,0,1,0,1,1,'Shadow Adept - Ice Cleaver'),
	 (600689,33430,0,0.2,0,1,0,1,1,'Shadow Adept - Abandoned Greatsword'),
	 (600689,33431,0,0.3,0,1,0,1,1,'Shadow Adept - Icesmashing Mace'),
	 (600689,33433,0,0.2,0,1,0,1,1,'Shadow Adept - Frigid Mail Circlet'),
	 (600689,33434,0,0.2,0,1,0,1,1,'Shadow Adept - Frozen Leather Helmet'),
	 (600689,33435,0,0.1,0,1,0,1,1,'Shadow Adept - Frost-Worn Plate Helmet'),
	 (600689,33436,0,0.1,0,1,0,1,1,'Shadow Adept - Frost-Rimed Cloth Hat'),
	 (600689,33443,0,6.9,0,1,0,1,1,'Shadow Adept - Sour Goat Cheese'),
	 (600689,33445,0,3.0,0,1,0,1,1,'Shadow Adept - Honeymint Tea'),
	 (600689,36036,0,0.1,0,1,0,1,1,'Shadow Adept - Condor Sandals'),
	 (600689,36037,0,0.1,0,1,0,1,1,'Shadow Adept - Condor Robe'),
	 (600689,36038,0,0.1,0,1,0,1,1,'Shadow Adept - Condor Gloves'),
	 (600689,36040,0,0.1,0,1,0,1,1,'Shadow Adept - Condor Pants'),
	 (600689,36044,0,0.1,0,1,0,1,1,'Shadow Adept - Crystalsong Slippers'),
	 (600689,36050,0,0.1,0,1,0,1,1,'Shadow Adept - Crystalsong Bracelets'),
	 (600689,36053,0,0.1,0,1,0,1,1,'Shadow Adept - Vizier Robe'),
	 (600689,36054,0,0.2,0,1,0,1,1,'Shadow Adept - Vizier Gloves'),
	 (600689,36055,0,0.1,0,1,0,1,1,'Shadow Adept - Vizier Hood'),
	 (600689,36056,0,0.1,0,1,0,1,1,'Shadow Adept - Vizier Leggings'),
	 (600689,36057,0,0.1,0,1,0,1,1,'Shadow Adept - Vizier Mantle'),
	 (600689,36147,0,0.1,0,1,0,1,1,'Shadow Adept - Pygmy Belt'),
	 (600689,36150,0,0.1,0,1,0,1,1,'Shadow Adept - Pygmy Gloves'),
	 (600689,36152,0,0.1,0,1,0,1,1,'Shadow Adept - Pygmy Pants'),
	 (600689,36153,0,0.2,0,1,0,1,1,'Shadow Adept - Pygmy Shoulders'),
	 (600689,36154,0,0.1,0,1,0,1,1,'Shadow Adept - Pygmy Bindings'),
	 (600689,36163,0,0.1,0,1,0,1,1,'Shadow Adept - Webspinner Cord'),
	 (600689,36165,0,0.1,0,1,0,1,1,'Shadow Adept - Webspinner Vest'),
	 (600689,36168,0,0.1,0,1,0,1,1,'Shadow Adept - Webspinner Leggings'),
	 (600689,36268,0,0.1,0,1,0,1,1,'Shadow Adept - Ulduar Greaves'),
	 (600689,36270,0,0.1,0,1,0,1,1,'Shadow Adept - Ulduar Gauntlets'),
	 (600689,36272,0,0.1,0,1,0,1,1,'Shadow Adept - Ulduar Legguards'),
	 (600689,36273,0,0.1,0,1,0,1,1,'Shadow Adept - Ulduar Shoulderguards'),
	 (600689,36277,0,0.1,0,1,0,1,1,'Shadow Adept - Spiderlord Chestpiece'),
	 (600689,36281,0,0.1,0,1,0,1,1,'Shadow Adept - Spiderlord Spaulders'),
	 (600689,36372,0,0.1,0,1,0,1,1,'Shadow Adept - Kraken Greaves'),
	 (600689,36373,0,0.2,0,1,0,1,1,'Shadow Adept - Kraken Breastplate'),
	 (600689,36374,0,0.1,0,1,0,1,1,'Shadow Adept - Kraken Gauntlets'),
	 (600689,36375,0,0.1,0,1,0,1,1,'Shadow Adept - Kraken Helm'),
	 (600689,36391,0,0.1,0,1,0,1,1,'Shadow Adept - Revenant Helmet'),
	 (600689,36414,0,0.2,0,1,0,1,1,'Shadow Adept - Mammoth Fur Cloak'),
	 (600689,36427,0,0.2,0,1,0,1,1,'Shadow Adept - Engraved Ring'),
	 (600689,36429,0,0.2,0,1,0,1,1,'Shadow Adept - Spur Ring'),
	 (600689,36441,0,0.1,0,1,0,1,1,'Shadow Adept - Pearl Woven Choker'),
	 (600689,36442,0,0.1,0,1,0,1,1,'Shadow Adept - Silken Cord Amulet'),
	 (600689,36469,0,0.2,0,1,0,1,1,'Shadow Adept - Lidless Orb'),
	 (600689,36624,0,0.1,0,1,0,1,1,'Shadow Adept - Shrieking Bow'),
	 (600689,36666,0,0.1,0,1,0,1,1,'Shadow Adept - Polar Wand'),
	 (600689,36667,0,0.2,0,1,0,1,1,'Shadow Adept - Solid Ice Wand'),
	 (600689,36679,0,0.1,0,1,0,1,1,'Shadow Adept - Singing Dagger'),
	 (600689,36681,0,0.1,0,1,0,1,1,'Shadow Adept - Wisdom Carver'),
	 (600689,36708,0,0.1,0,1,0,1,1,'Shadow Adept - Snow Blossom Staff'),
	 (600689,37091,0,0.2,0,1,0,1,1,'Shadow Adept - Scroll of Intellect VII'),
	 (600689,37093,0,0.2,0,1,0,1,1,'Shadow Adept - Scroll of Stamina VII'),
	 (600689,37097,0,0.1,0,1,0,1,1,'Shadow Adept - Scroll of Spirit VII'),
	 (600689,43463,0,0.3,0,1,0,1,1,'Shadow Adept - Scroll of Agility VII'),
	 (600689,43465,0,0.3,0,1,0,1,1,'Shadow Adept - Scroll of Strength VII'),
	 (600689,43467,0,0.2,0,1,0,1,1,'Shadow Adept - Scroll of Protection VII'),
	 (600689,43851,0,30.1,0,1,0,1,1,'Shadow Adept - Fur Clothing Scraps'),
	 (600689,43852,0,21.4,0,1,0,1,1,'Shadow Adept - Thick Fur Clothing Scraps');

     INSERT INTO creature_loot_template (Entry,Item,Reference,Chance,QuestRequired,LootMode,GroupId,MinCount,MaxCount,Comment) VALUES
	 (600690,1,1005163,6.0,0,1,0,1,1,'World Drop - Grey World Drop - NPC Levels: 51-63'),
	 (600690,2,1025455,2.0,0,1,0,1,1,'World Drop - Green World Drop - NPC Levels: 54-55'),
	 (600690,3,1035455,0.1,0,1,0,1,1,'World Drop - Blue World Drop - NPC Levels: 54-55'),
	 (600690,4,1045455,0.01,0,1,0,1,1,'World Drop - Purple World Drop - NPC Levels: 54-55'),
	 (600690,5,1054162,0.1,0,1,0,1,1,'World Drop - 14 Slot Bag - NPC Levels: 41-62'),
	 (600690,6,1065562,3.0,0,1,0,1,1,'World Drop - Potions VI - NPC Levels 55-62'),
	 (600690,7,1075062,1.0,0,1,0,1,1,'World Drop - Scrolls IV - NPC Levels 50-62'),
	 (600690,8,1080007,0.3,0,1,0,1,1,'World Drop - Profession Recipes - NPC Levels ~50-63'),
	 (600690,9,1080022,1.5,0,1,0,1,1,'World Drop - Gems - NPC Levels: 46-62'),
	 (600690,4306,0,0.03,0,1,0,1,1,'Necromancer - Silk Cloth'),
	 (600690,5758,0,0.3407,0,1,0,1,1,'Necromancer - Mithril Lockbox'),
	 (600690,8766,0,1.8739,0,1,0,1,1,'Necromancer - Morning Glory Dew'),
	 (600690,8932,0,5.4514,0,1,0,1,1,'Necromancer - Alterac Swiss'),
	 (600690,8948,0,0.03,0,1,0,1,1,'Necromancer - Dried King Bolete'),
	 (600690,8950,0,0.02,0,1,0,1,1,'Necromancer - Homemade Cherry Pie'),
	 (600690,8952,0,0.06,0,1,0,1,1,'Necromancer - Roasted Quail'),
	 (600690,12841,0,35.0,0,1,0,1,1,'Necromancer - Invader''s Scourgestone'),
	 (600690,14047,0,33.7308,0,1,0,1,3,'Necromancer - Runecloth'),
	 (600690,14507,0,0.06,0,1,0,1,1,'Necromancer - Pattern: Mooncloth Shoulders'),
	 (600690,15755,0,0.02,0,1,0,1,1,'Necromancer - Pattern: Chimeric Vest'),
	 (600690,19260,0,0.03,0,1,0,1,1,'Necromancer - Three of Warlords'),
	 (600690,19261,0,0.03,0,1,0,1,1,'Necromancer - Four of Warlords'),
	 (600690,19278,0,0.02,0,1,0,1,1,'Necromancer - Two of Portals');

     INSERT INTO creature_loot_template (Entry,Item,Reference,Chance,QuestRequired,LootMode,GroupId,MinCount,MaxCount,Comment) VALUES
	 (600691,22829,0,2.5,0,1,0,1,1,'Cult Plaguebringer - Super Healing Potion'),
	 (600691,22832,0,1.4,0,1,0,1,1,'Cult Plaguebringer - Super Mana Potion'),
	 (600691,24727,24727,1.5,0,1,0,1,1,'Cult Plaguebringer - (ReferenceTable)'),
	 (600691,26000,26000,3.0,0,1,1,1,1,'Cult Plaguebringer - (ReferenceTable)'),
	 (600691,26001,26001,3.0,0,1,1,1,1,'Cult Plaguebringer - (ReferenceTable)'),
	 (600691,26003,26003,1.0,0,1,1,1,1,'Cult Plaguebringer - (ReferenceTable)'),
	 (600691,26004,26004,1.0,0,1,1,1,1,'Cult Plaguebringer - (ReferenceTable)'),
	 (600691,26005,26005,1.0,0,1,1,1,1,'Cult Plaguebringer - (ReferenceTable)'),
	 (600691,26006,26006,1.0,0,1,1,1,1,'Cult Plaguebringer - (ReferenceTable)'),
	 (600691,26017,26017,0.5,0,1,1,1,1,'Cult Plaguebringer - (ReferenceTable)'),
	 (600691,26019,26019,0.5,0,1,1,1,1,'Cult Plaguebringer - (ReferenceTable)'),
	 (600691,26040,26040,25.9,0,1,0,1,1,'Cult Plaguebringer - (ReferenceTable)'),
	 (600691,31952,0,0.1,0,1,0,1,1,'Cult Plaguebringer - Khorium Lockbox'),
	 (600691,33358,0,0.1,0,1,0,1,1,'Cult Plaguebringer - Thread-Bare Cloth Belt'),
	 (600691,33359,0,0.1,0,1,0,1,1,'Cult Plaguebringer - Thread-Bare Cloth Boots'),
	 (600691,33360,0,0.2,0,1,0,1,1,'Cult Plaguebringer - Thread-Bare Cloth Bracers'),
	 (600691,33361,0,0.2,0,1,0,1,1,'Cult Plaguebringer - Thread-Bare Cloth Gloves'),
	 (600691,33362,0,0.1,0,1,0,1,1,'Cult Plaguebringer - Thread-Bare Cloth Pants'),
	 (600691,33363,0,0.1,0,1,0,1,1,'Cult Plaguebringer - Thread-Bare Cloth Shoulderpads'),
	 (600691,33364,0,0.1,0,1,0,1,1,'Cult Plaguebringer - Thread-Bare Cloth Vest'),
	 (600691,33372,0,0.1,0,1,0,1,1,'Cult Plaguebringer - Fur-Lined Armor'),
	 (600691,33373,0,0.1,0,1,0,1,1,'Cult Plaguebringer - Fur-Lined Belt'),
	 (600691,33374,0,0.2,0,1,0,1,1,'Cult Plaguebringer - Fur-Lined Boots'),
	 (600691,33375,0,0.1,0,1,0,1,1,'Cult Plaguebringer - Fur-Lined Bracers'),
	 (600691,33376,0,0.1,0,1,0,1,1,'Cult Plaguebringer - Fur-Lined Gloves'),
	 (600691,33377,0,0.1,0,1,0,1,1,'Cult Plaguebringer - Fur-Lined Pants'),
	 (600691,33378,0,0.05,0,1,0,1,1,'Cult Plaguebringer - Fur-Lined Shoulderpads'),
	 (600691,33390,0,0.1,0,1,0,1,1,'Cult Plaguebringer - Icy Mail Armor'),
	 (600691,33391,0,0.1,0,1,0,1,1,'Cult Plaguebringer - Icy Mail Belt'),
	 (600691,33392,0,0.1,0,1,0,1,1,'Cult Plaguebringer - Icy Mail Boots'),
	 (600691,33393,0,0.1,0,1,0,1,1,'Cult Plaguebringer - Icy Mail Bracers'),
	 (600691,33394,0,0.1,0,1,0,1,1,'Cult Plaguebringer - Icy Mail Gloves'),
	 (600691,33395,0,0.1,0,1,0,1,1,'Cult Plaguebringer - Icy Mail Pants'),
	 (600691,33396,0,0.1,0,1,0,1,1,'Cult Plaguebringer - Icy Mail Shoulderpads'),
	 (600691,33404,0,0.1,0,1,0,1,1,'Cult Plaguebringer - Ice-Bound Plate Belt'),
	 (600691,33405,0,0.1,0,1,0,1,1,'Cult Plaguebringer - Ice-Bound Plate Boots'),
	 (600691,33406,0,0.1,0,1,0,1,1,'Cult Plaguebringer - Ice-Bound Plate Bracers'),
	 (600691,33407,0,0.1,0,1,0,1,1,'Cult Plaguebringer - Ice-Bound Plate Chestpiece'),
	 (600691,33408,0,0.1,0,1,0,1,1,'Cult Plaguebringer - Ice-Bound Plate Gloves'),
	 (600691,33409,0,0.1,0,1,0,1,1,'Cult Plaguebringer - Ice-Bound Plate Pants'),
	 (600691,33410,0,0.05,0,1,0,1,1,'Cult Plaguebringer - Ice-Bound Plate Shoulderpads'),
	 (600691,33422,0,0.1,0,1,0,1,1,'Cult Plaguebringer - Shattered Bow'),
	 (600691,33423,0,0.1,0,1,0,1,1,'Cult Plaguebringer - Rime-Covered Mace'),
	 (600691,33424,0,0.05,0,1,0,1,1,'Cult Plaguebringer - Cracked Iron Staff'),
	 (600691,33425,0,0.1,0,1,0,1,1,'Cult Plaguebringer - Ice-Pitted Blade'),
	 (600691,33426,0,0.1,0,1,0,1,1,'Cult Plaguebringer - Chipped Timber Axe'),
	 (600691,33427,0,0.1,0,1,0,1,1,'Cult Plaguebringer - Frost-Encrusted Rifle'),
	 (600691,33428,0,0.05,0,1,0,1,1,'Cult Plaguebringer - Dulled Shiv'),
	 (600691,33429,0,0.1,0,1,0,1,1,'Cult Plaguebringer - Ice Cleaver'),
	 (600691,33430,0,0.1,0,1,0,1,1,'Cult Plaguebringer - Abandoned Greatsword'),
	 (600691,33431,0,0.3,0,1,0,1,1,'Cult Plaguebringer - Icesmashing Mace'),
	 (600691,33437,0,0.1,0,1,0,1,1,'Cult Plaguebringer - Icy Mail Circlet'),
	 (600691,33438,0,0.1,0,1,0,1,1,'Cult Plaguebringer - Thread-Bare Hat'),
	 (600691,33439,0,0.05,0,1,0,1,1,'Cult Plaguebringer - Fur-Lined Leather Helmet'),
	 (600691,33440,0,0.1,0,1,0,1,1,'Cult Plaguebringer - Ice-Bound Plate Helmet'),
	 (600691,33443,0,7.6,0,1,0,1,1,'Cult Plaguebringer - Sour Goat Cheese'),
	 (600691,33444,0,4.0,0,1,0,1,1,'Cult Plaguebringer - Pungent Seal Whey'),
	 (600691,33457,0,0.05,0,1,0,1,1,'Cult Plaguebringer - Scroll of Agility VI'),
	 (600691,33460,0,0.05,0,1,0,1,1,'Cult Plaguebringer - Scroll of Spirit VI'),
	 (600691,33461,0,0.05,0,1,0,1,1,'Cult Plaguebringer - Scroll of Stamina VI'),
	 (600691,35955,0,0.05,0,1,0,1,1,'Cult Plaguebringer - Farshire Belt'),
	 (600691,35958,0,0.05,0,1,0,1,1,'Cult Plaguebringer - Farshire Gloves'),
	 (600691,35959,0,0.05,0,1,0,1,1,'Cult Plaguebringer - Farshire Hood'),
	 (600691,35960,0,0.05,0,1,0,1,1,'Cult Plaguebringer - Farshire Pants'),
	 (600691,35962,0,0.05,0,1,0,1,1,'Cult Plaguebringer - Farshire Cuffs'),
	 (600691,35964,0,0.05,0,1,0,1,1,'Cult Plaguebringer - Bloodspore Sandals'),
	 (600691,35966,0,0.05,0,1,0,1,1,'Cult Plaguebringer - Bloodspore Gloves'),
	 (600691,35968,0,0.05,0,1,0,1,1,'Cult Plaguebringer - Bloodspore Leggings'),
	 (600691,35970,0,0.05,0,1,0,1,1,'Cult Plaguebringer - Bloodspore Bracelets'),
	 (600691,35971,0,0.05,0,1,0,1,1,'Cult Plaguebringer - Mur''ghoul Girdle'),
	 (600691,35972,0,0.1,0,1,0,1,1,'Cult Plaguebringer - Mur''ghoul Boots'),
	 (600691,35973,0,0.05,0,1,0,1,1,'Cult Plaguebringer - Mur''ghoul Robe'),
	 (600691,35974,0,0.05,0,1,0,1,1,'Cult Plaguebringer - Mur''ghoul Handwraps'),
	 (600691,35975,0,0.05,0,1,0,1,1,'Cult Plaguebringer - Mur''ghoul Cap'),
	 (600691,35976,0,0.05,0,1,0,1,1,'Cult Plaguebringer - Mur''ghoul Leggings'),
	 (600691,35977,0,0.05,0,1,0,1,1,'Cult Plaguebringer - Mur''ghoul Shoulderpads'),
	 (600691,35978,0,0.05,0,1,0,1,1,'Cult Plaguebringer - Mur''ghoul Wristwraps'),
	 (600691,35980,0,0.05,0,1,0,1,1,'Cult Plaguebringer - Foothold Boots'),
	 (600691,35982,0,0.05,0,1,0,1,1,'Cult Plaguebringer - Foothold Gloves'),
	 (600691,35983,0,0.05,0,1,0,1,1,'Cult Plaguebringer - Foothold Hood'),
	 (600691,35986,0,0.05,0,1,0,1,1,'Cult Plaguebringer - Foothold Cuffs'),
	 (600691,36067,0,0.05,0,1,0,1,1,'Cult Plaguebringer - Daggercap Waistband'),
	 (600691,36068,0,0.05,0,1,0,1,1,'Cult Plaguebringer - Daggercap Boots'),
	 (600691,36072,0,0.05,0,1,0,1,1,'Cult Plaguebringer - Daggercap Trousers'),
	 (600691,36073,0,0.05,0,1,0,1,1,'Cult Plaguebringer - Daggercap Spaulders'),
	 (600691,36074,0,0.05,0,1,0,1,1,'Cult Plaguebringer - Daggercap Bracers'),
	 (600691,36075,0,0.05,0,1,0,1,1,'Cult Plaguebringer - Winterfin Cord'),
	 (600691,36077,0,0.05,0,1,0,1,1,'Cult Plaguebringer - Winterfin Chestpiece'),
	 (600691,36081,0,0.05,0,1,0,1,1,'Cult Plaguebringer - Winterfin Shoulderguards'),
	 (600691,36082,0,0.05,0,1,0,1,1,'Cult Plaguebringer - Winterfin Bindings'),
	 (600691,36087,0,0.05,0,1,0,1,1,'Cult Plaguebringer - Riplash Cover'),
	 (600691,36088,0,0.05,0,1,0,1,1,'Cult Plaguebringer - Riplash Leggings'),
	 (600691,36089,0,0.05,0,1,0,1,1,'Cult Plaguebringer - Riplash Pauldrons'),
	 (600691,36090,0,0.05,0,1,0,1,1,'Cult Plaguebringer - Riplash Wristguards'),
	 (600691,36094,0,0.05,0,1,0,1,1,'Cult Plaguebringer - Wildevar Gloves'),
	 (600691,36095,0,0.05,0,1,0,1,1,'Cult Plaguebringer - Wildevar Cap'),
	 (600691,36098,0,0.05,0,1,0,1,1,'Cult Plaguebringer - Wildevar Armguards'),
	 (600691,36184,0,0.05,0,1,0,1,1,'Cult Plaguebringer - Garmaul Legguards'),
	 (600691,36185,0,0.05,0,1,0,1,1,'Cult Plaguebringer - Garmaul Shoulderguards'),
	 (600691,36187,0,0.05,0,1,0,1,1,'Cult Plaguebringer - Njord Belt'),
	 (600691,36188,0,0.05,0,1,0,1,1,'Cult Plaguebringer - Njord Boots'),
	 (600691,36189,0,0.05,0,1,0,1,1,'Cult Plaguebringer - Njord Chain Vest').
	 (600691,36190,0,0.05,0,1,0,1,1,'Cult Plaguebringer - Njord Gauntlets'),
	 (600691,36191,0,0.05,0,1,0,1,1,'Cult Plaguebringer - Njord Helm'),
	 (600691,36192,0,0.05,0,1,0,1,1,'Cult Plaguebringer - Njord Leggings'),
	 (600691,36193,0,0.05,0,1,0,1,1,'Cult Plaguebringer - Njord Shoulderguards'),
	 (600691,36194,0,0.05,0,1,0,1,1,'Cult Plaguebringer - Njord Bracers'),
	 (600691,36195,0,0.05,0,1,0,1,1,'Cult Plaguebringer - Skom Stitched-Belt'),
	 (600691,36196,0,0.05,0,1,0,1,1,'Cult Plaguebringer - Skom Greaves'),
	 (600691,36197,0,0.05,0,1,0,1,1,'Cult Plaguebringer - Skom Chain Vest'),
	 (600691,36199,0,0.05,0,1,0,1,1,'Cult Plaguebringer - Skom Helm'),
	 (600691,36200,0,0.05,0,1,0,1,1,'Cult Plaguebringer - Skom Leggings'),
	 (600691,36201,0,0.05,0,1,0,1,1,'Cult Plaguebringer - Skom Spaulders'),
	 (600691,36203,0,0.05,0,1,0,1,1,'Cult Plaguebringer - Nifflevar Girdle'),
	 (600691,36206,0,0.05,0,1,0,1,1,'Cult Plaguebringer - Nifflevar Gloves'),
	 (600691,36208,0,0.05,0,1,0,1,1,'Cult Plaguebringer - Nifflevar Legguards'),
	 (600691,36209,0,0.05,0,1,0,1,1,'Cult Plaguebringer - Nifflevar Shoulderguards'),
	 (600691,36292,0,0.05,0,1,0,1,1,'Cult Plaguebringer - Westguard Greaves'),
	 (600691,36297,0,0.05,0,1,0,1,1,'Cult Plaguebringer - Westguard Epaulets'),
	 (600691,36299,0,0.05,0,1,0,1,1,'Cult Plaguebringer - Coldrock Girdle'),
	 (600691,36300,0,0.05,0,1,0,1,1,'Cult Plaguebringer - Coldrock Sabatons'),
	 (600691,36301,0,0.05,0,1,0,1,1,'Cult Plaguebringer - Coldrock Breastplate'),
	 (600691,36303,0,0.3,0,1,0,1,1,'Cult Plaguebringer - Coldrock Helmet'),
	 (600691,36306,0,0.05,0,1,0,1,1,'Cult Plaguebringer - Coldrock Bracers'),
	 (600691,36308,0,0.05,0,1,0,1,1,'Cult Plaguebringer - Baleheim Greaves'),
	 (600691,36310,0,0.05,0,1,0,1,1,'Cult Plaguebringer - Baleheim Gloves'),
	 (600691,36311,0,0.1,0,1,0,1,1,'Cult Plaguebringer - Baleheim Helmet'),
	 (600691,36312,0,0.05,0,1,0,1,1,'Cult Plaguebringer - Baleheim Legguards'),
	 (600691,36313,0,0.05,0,1,0,1,1,'Cult Plaguebringer - Baleheim Epaulets'),
	 (600691,36314,0,0.05,0,1,0,1,1,'Cult Plaguebringer - Baleheim Vambraces'),
	 (600691,36316,0,0.05,0,1,0,1,1,'Cult Plaguebringer - Wyrmskull Sabatons'),
	 (600691,36317,0,0.05,0,1,0,1,1,'Cult Plaguebringer - Wyrmskull Breastplate'),
	 (600691,36319,0,0.05,0,1,0,1,1,'Cult Plaguebringer - Wyrmskull Helm'),
	 (600691,36403,0,0.05,0,1,0,1,1,'Cult Plaguebringer - Riding Cloak'),
	 (600691,36404,0,0.05,0,1,0,1,1,'Cult Plaguebringer - Suede Cloak'),
	 (600691,36405,0,0.05,0,1,0,1,1,'Cult Plaguebringer - Double Cape'),
	 (600691,36417,0,0.05,0,1,0,1,1,'Cult Plaguebringer - Oval Ring'),
	 (600691,36418,0,0.05,0,1,0,1,1,'Cult Plaguebringer - Floral Loop'),
	 (600691,36419,0,0.05,0,1,0,1,1,'Cult Plaguebringer - Glass Ring'),
	 (600691,36420,0,0.05,0,1,0,1,1,'Cult Plaguebringer - Gemstone Ring'),
	 (600691,36431,0,0.05,0,1,0,1,1,'Cult Plaguebringer - Painted Wooden Beads'),
	 (600691,36432,0,0.1,0,1,0,1,1,'Cult Plaguebringer - Silver Rope Chain'),
	 (600691,36433,0,0.1,0,1,0,1,1,'Cult Plaguebringer - Snake Entwined Necklace'),
	 (600691,36447,0,0.05,0,1,0,1,1,'Cult Plaguebringer - Kaskala Buckler'),
	 (600691,36459,0,0.05,0,1,0,1,1,'Cult Plaguebringer - Icy Orb'),
	 (600691,36461,0,0.05,0,1,0,1,1,'Cult Plaguebringer - Demon-Skull Orb'),
	 (600691,36462,0,0.05,0,1,0,1,1,'Cult Plaguebringer - Coldarra Crystal'),
	 (600691,36475,0,0.05,0,1,0,1,1,'Cult Plaguebringer - Seal Shortblade'),
	 (600691,36487,0,0.05,0,1,0,1,1,'Cult Plaguebringer - Stone-Headed Gavel'),
	 (600691,36488,0,0.05,0,1,0,1,1,'Cult Plaguebringer - Conifer Club'),
	 (600691,36489,0,0.05,0,1,0,1,1,'Cult Plaguebringer - Iron Flanged Scepter'),
	 (600691,36501,0,0.05,0,1,0,1,1,'Cult Plaguebringer - Granite Maul'),
	 (600691,36502,0,0.05,0,1,0,1,1,'Cult Plaguebringer - Ungainly Mace'),
	 (600691,36503,0,0.05,0,1,0,1,1,'Cult Plaguebringer - Toothless Bludgeon'),
	 (600691,36516,0,0.05,0,1,0,1,1,'Cult Plaguebringer - Tribal Blade'),
	 (600691,36517,0,0.05,0,1,0,1,1,'Cult Plaguebringer - Iron-Grip Shortsword'),
	 (600691,36530,0,0.05,0,1,0,1,1,'Cult Plaguebringer - Whetted Ironblade'),
	 (600691,36531,0,0.05,0,1,0,1,1,'Cult Plaguebringer - Sawtooth Greatsword'),
	 (600691,36544,0,0.05,0,1,0,1,1,'Cult Plaguebringer - Journeyed Staff'),
	 (600691,36545,0,0.05,0,1,0,1,1,'Cult Plaguebringer - Branched Stick'),
	 (600691,36546,0,0.05,0,1,0,1,1,'Cult Plaguebringer - Unusual Staff'),
	 (600691,36557,0,0.05,0,1,0,1,1,'Cult Plaguebringer - Meat Ripper'),
	 (600691,36558,0,0.05,0,1,0,1,1,'Cult Plaguebringer - Curved Scratcher'),
	 (600691,36560,0,0.05,0,1,0,1,1,'Cult Plaguebringer - Fighter''s Grip'),
	 (600691,36572,0,0.05,0,1,0,1,1,'Cult Plaguebringer - Dinged Cleaver'),
	 (600691,36574,0,0.05,0,1,0,1,1,'Cult Plaguebringer - Bone Cleaver'),
	 (600691,36585,0,0.05,0,1,0,1,1,'Cult Plaguebringer - Finned Battleaxe'),
	 (600691,36600,0,0.05,0,1,0,1,1,'Cult Plaguebringer - Village Scythe'),
	 (600691,36629,0,0.05,0,1,0,1,1,'Cult Plaguebringer - Ferocious Crossbow'),
	 (600691,36643,0,0.05,0,1,0,1,1,'Cult Plaguebringer - Tracker''s Musket'),
	 (600691,36655,0,0.05,0,1,0,1,1,'Cult Plaguebringer - Pearled Wand'),
	 (600691,36656,0,0.05,0,1,0,1,1,'Cult Plaguebringer - Darkened Wand'),
	 (600691,36657,0,0.05,0,1,0,1,1,'Cult Plaguebringer - Vicious Wand'),
	 (600691,36669,0,0.05,0,1,0,1,1,'Cult Plaguebringer - Eccentric Dagger'),
	 (600691,36670,0,0.05,0,1,0,1,1,'Cult Plaguebringer - Gypsy Blade'),
	 (600691,36671,0,0.1,0,1,0,1,1,'Cult Plaguebringer - Ominous Dagger'),
	 (600691,36672,0,0.05,0,1,0,1,1,'Cult Plaguebringer - Strange Dagger'),
	 (600691,36685,0,0.05,0,1,0,1,1,'Cult Plaguebringer - Placid Lightmace'),
	 (600691,36686,0,0.05,0,1,0,1,1,'Cult Plaguebringer - Harmonious Scepter'),
	 (600691,36697,0,0.05,0,1,0,1,1,'Cult Plaguebringer - Aquatic Greatstaff'),
	 (600691,36699,0,0.05,0,1,0,1,1,'Cult Plaguebringer - Iceberg Staff'),
	 (600691,37091,0,0.2,0,1,0,1,1,'Cult Plaguebringer - Scroll of Intellect VII'),
	 (600691,37093,0,0.2,0,1,0,1,1,'Cult Plaguebringer - Scroll of Stamina VII'),
	 (600691,37097,0,0.2,0,1,0,1,1,'Cult Plaguebringer - Scroll of Spirit VII'),
	 (600691,37743,0,0.05,0,1,0,1,1,'Cult Plaguebringer - Legguards of Brutalization'),
	 (600691,37773,0,0.05,0,1,0,1,1,'Cult Plaguebringer - Shock-Inducing Girdle'),
	 (600691,43463,0,0.1,0,1,0,1,1,'Cult Plaguebringer - Scroll of Agility VII'),
	 (600691,43465,0,0.2,0,1,0,1,1,'Cult Plaguebringer - Scroll of Strength VII'),
	 (600691,43467,0,0.3,0,1,0,1,1,'Cult Plaguebringer - Scroll of Protection VII'),
	 (600691,43507,0,0.1,0,1,0,1,1,'Cult Plaguebringer - Recipe: Tasty Cupcake'),
	 (600691,43508,0,0.1,0,1,0,1,1,'Cult Plaguebringer - Recipe: Last Week''s Mammoth'),
	 (600691,43509,0,0.1,0,1,0,1,1,'Cult Plaguebringer - Recipe: Bad Clams'),
	 (600691,43510,0,0.05,0,1,0,1,1,'Cult Plaguebringer - Recipe: Haunted Herring'),
	 (600691,43622,0,0.1,0,1,0,1,1,'Cult Plaguebringer - Froststeel Lockbox'),
	 (600691,43851,0,35.9,0,1,0,1,1,'Cult Plaguebringer - Fur Clothing Scraps'),
	 (600691,45912,0,0.1,0,1,0,1,1,'Cult Plaguebringer - Book of Glyph Mastery'),

     INSERT INTO creature_loot_template (Entry,Item,Reference,Chance,QuestRequired,LootMode,GroupId,MinCount,MaxCount,Comment) VALUES
	 (600692,12841,0,35.0,0,1,0,1,1,'Nerubian Overseer - Invader''s Scourgestone'),
	 (600692,15755,0,0.11,0,1,0,1,1,'Nerubian Overseer - Pattern: Chimeric Vest'),
	 (600692,15765,0,0.22,0,1,0,1,1,'Nerubian Overseer - Pattern: Runic Leather Pants'),
	 (600692,22525,0,100.0,0,1,0,1,1,'Nerubian Overseer - Crypt Fiend Parts'),
	 (600692,24016,24016,1.0,0,1,1,1,1,'Nerubian Overseer - (ReferenceTable)'),
	 (600692,24017,24017,0.5,0,1,1,1,1,'Nerubian Overseer - (ReferenceTable)'),
	 (600692,24018,24018,1.0,0,1,1,1,1,'Nerubian Overseer - (ReferenceTable)'),
	 (600692,24033,24033,1.0,0,1,1,1,1,'Nerubian Overseer - (ReferenceTable)'),
	 (600694,1,35069,100.0,0,1,0,1,2,'Frenzied Abomination - (ReferenceTable)'),
	 (600695,1,1005163,6.0,0,1,0,1,1,'World Drop - Grey World Drop - NPC Levels: 51-63'),
	 (600695,2,1025556,2.0,0,1,0,1,1,'World Drop - Green World Drop - NPC Levels: 55-56'),
	 (600695,3,1035556,0.1,0,1,0,1,1,'World Drop - Blue World Drop - NPC Levels: 55-56'),
	 (600695,4,1045556,0.01,0,1,0,1,1,'World Drop - Purple World Drop - NPC Levels: 55-56'),
	 (600695,5,1054162,0.1,0,1,0,1,1,'World Drop - 14 Slot Bag - NPC Levels: 41-62'),
	 (600695,6,1065562,3.0,0,1,0,1,1,'World Drop - Potions VI - NPC Levels 55-62'),
	 (600695,7,1075062,1.0,0,1,0,1,1,'World Drop - Scrolls IV - NPC Levels 50-62'),
	 (600695,8,1080007,0.3,0,1,0,1,1,'World Drop - Profession Recipes - NPC Levels ~50-63'),
	 (600695,9,1080022,1.5,0,1,0,1,1,'World Drop - Gems - NPC Levels: 46-62'),
	 (600695,4583,0,31.3284,0,1,0,1,1,'Plaguehound - Thick Furry Mane'),
	 (600695,4584,0,14.5795,0,1,0,1,1,'Plaguehound - Large Trophy Paw'),
	 (600695,5758,0,0.0845,0,1,0,1,1,'Plaguehound - Mithril Lockbox'),
	 (600695,5759,0,0.0704,0,1,0,1,1,'Plaguehound - Thorium Lockbox'),
	 (600695,8146,0,5.8459,0,1,0,1,1,'Plaguehound - Wicked Claw'),
	 (600695,12203,0,49.7817,0,1,0,1,1,'Plaguehound - Red Wolf Meat'),
	 (600695,12208,0,49.6267,0,1,0,1,1,'Plaguehound - Tender Wolf Meat'),
	 (600695,12693,0,0.02,0,1,0,1,1,'Plaguehound - Plans: Thorium Boots'),
	 (600695,12694,0,0.02,0,1,0,1,1,'Plaguehound - Plans: Thorium Helm'),
	 (600695,12695,0,0.02,0,1,0,1,1,'Plaguehound - Plans: Radiant Gloves'),
	 (600695,12697,0,0.02,0,1,0,1,1,'Plaguehound - Plans: Radiant Boots'),
	 (600695,12704,0,0.02,0,1,0,1,1,'Plaguehound - Plans: Thorium Leggings'),
	 (600695,12713,0,0.02,0,1,0,1,1,'Plaguehound - Plans: Radiant Leggings'),
	 (600695,13490,0,0.02,0,1,0,1,1,'Plaguehound - Recipe: Greater Stoneshield Potion'),
	 (600695,13492,0,0.02,0,1,0,1,1,'Plaguehound - Recipe: Purification Potion'),
	 (600695,14489,0,0.02,0,1,0,1,1,'Plaguehound - Pattern: Frostweave Pants'),
	 (600695,14491,0,0.02,0,1,0,1,1,'Plaguehound - Pattern: Runecloth Pants'),
	 (600695,14492,0,0.02,0,1,0,1,1,'Plaguehound - Pattern: Felcloth Boots'),
	 (600695,14494,0,0.02,0,1,0,1,1,'Plaguehound - Pattern: Brightcloth Pants'),
	 (600695,14496,0,0.02,0,1,0,1,1,'Plaguehound - Pattern: Felcloth Hood'),
	 (600695,14498,0,0.02,0,1,0,1,1,'Plaguehound - Pattern: Runecloth Headband'),
	 (600695,14499,0,0.02,0,1,0,1,1,'Plaguehound - Pattern: Mooncloth Bag'),
	 (600695,14504,0,0.02,0,1,0,1,1,'Plaguehound - Pattern: Runecloth Shoulders'),
	 (600695,14506,0,0.02,0,1,0,1,1,'Plaguehound - Pattern: Felcloth Robe'),
	 (600695,15743,0,0.02,0,1,0,1,1,'Plaguehound - Pattern: Heavy Scorpid Belt'),
	 (600695,15745,0,0.02,0,1,0,1,1,'Plaguehound - Pattern: Runic Leather Belt'),
	 (600695,15746,0,0.02,0,1,0,1,1,'Plaguehound - Pattern: Chimeric Leggings'),
	 (600695,15755,0,0.02,0,1,0,1,1,'Plaguehound - Pattern: Chimeric Vest'),
	 (600695,15757,0,0.02,0,1,0,1,1,'Plaguehound - Pattern: Wicked Leather Pants'),
	 (600695,15765,0,0.02,0,1,0,1,1,'Plaguehound - Pattern: Runic Leather Pants'),
	 (600695,16051,0,0.02,0,1,0,1,1,'Plaguehound - Schematic: Thorium Shells'),
	 (600695,16055,0,0.02,0,1,0,1,1,'Plaguehound - Schematic: Arcane Bomb'),
	 (600695,16245,0,0.02,0,1,0,1,1,'Plaguehound - Formula: Enchant Boots - Greater Agility'),
	 (600695,16251,0,0.02,0,1,0,1,1,'Plaguehound - Formula: Enchant Bracer - Superior Stamina'),
	 (600696,26000,26000,3.0,0,1,1,1,1,'Infected Grizzly Bear - (ReferenceTable)'),
	 (600696,26001,26001,3.0,0,1,1,1,1,'Infected Grizzly Bear - (ReferenceTable)'),
	 (600696,26007,26007,1.0,0,1,1,1,1,'Infected Grizzly Bear - (ReferenceTable)'),
	 (600696,26008,26008,1.0,0,1,1,1,1,'Infected Grizzly Bear - (ReferenceTable)'),
	 (600696,33359,0,0.4,0,1,0,1,1,'Infected Grizzly Bear - Thread-Bare Cloth Boots'),
	 (600696,33361,0,0.2,0,1,0,1,1,'Infected Grizzly Bear - Thread-Bare Cloth Gloves'),
	 (600696,33362,0,0.2,0,1,0,1,1,'Infected Grizzly Bear - Thread-Bare Cloth Pants'),
	 (600696,33363,0,0.2,0,1,0,1,1,'Infected Grizzly Bear - Thread-Bare Cloth Shoulderpads'),
	 (600696,33373,0,0.2,0,1,0,1,1,'Infected Grizzly Bear - Fur-Lined Belt'),
	 (600696,33378,0,0.2,0,1,0,1,1,'Infected Grizzly Bear - Fur-Lined Shoulderpads'),
	 (600696,33391,0,0.2,0,1,0,1,1,'Infected Grizzly Bear - Icy Mail Belt'),
	 (600696,33395,0,0.2,0,1,0,1,1,'Infected Grizzly Bear - Icy Mail Pants'),
	 (600696,33396,0,0.2,0,1,0,1,1,'Infected Grizzly Bear - Icy Mail Shoulderpads'),
	 (600696,33408,0,0.2,0,1,0,1,1,'Infected Grizzly Bear - Ice-Bound Plate Gloves')
	 (600696,33426,0,0.2,0,1,0,1,1,'Infected Grizzly Bear - Chipped Timber Axe'),
	 (600696,33438,0,0.4,0,1,0,1,1,'Infected Grizzly Bear - Thread-Bare Hat'),
	 (600696,33549,0,83.6,0,1,0,1,1,'Infected Grizzly Bear - Thick Tail Hair'),
	 (600696,33630,0,16.4,0,1,0,1,1,'Infected Grizzly Bear - Icy Fang'),
	 (600696,36105,0,0.2,0,1,0,1,1,'Infected Grizzly Bear - Caribou Shoulders'),
	 (600696,36108,0,0.2,0,1,0,1,1,'Infected Grizzly Bear - Vileprey Boots'),
	 (600696,36113,0,0.2,0,1,0,1,1,'Infected Grizzly Bear - Vileprey Pauldrons'),
	 (600696,36338,0,0.2,0,1,0,1,1,'Infected Grizzly Bear - Grizzlemaw Vambraces'),
	 (600696,36548,0,0.2,0,1,0,1,1,'Infected Grizzly Bear - Promised Staff'),
	 (600696,36688,0,0.2,0,1,0,1,1,'Infected Grizzly Bear - Sacrosanct Mace'),
	 (600696,43013,0,28.3,0,1,0,1,1,'Infected Grizzly Bear - Chilled Meat'),
	 (600696,45912,0,0.1,0,1,0,1,1,'Infected Grizzly Bear - Book of Glyph Mastery'),
	 (600698,0,100500,100.0,0,1,0,1,1,'Custom Boss Loot'),
	 (600698,43949,0,100.0,0,1,0,1,2,'Delve Token'),
	 (600699,0,100500,100.0,0,1,0,1,1,'Custom Boss Loot'),
	 (600699,43949,0,100.0,0,1,0,1,2,'Delve Token'),
	 (600700,0,100500,100.0,0,1,0,1,1,'Custom Boss Loot'),
	 (600700,43949,0,100.0,0,1,0,1,2,'Delve Token');



INSERT INTO skinning_loot_template (Entry,Item,Reference,Chance,QuestRequired,LootMode,GroupId,MinCount,MaxCount,Comment) VALUES
	 (600695,4304,0,41.4656,0,1,1,1,1,'Plaguehound - Thick Leather'),
	 (600695,8169,0,3.0496,0,1,1,1,1,'Plaguehound - Thick Hide'),
	 (600695,8170,0,50.66,0,1,1,1,1,'Plaguehound - Rugged Leather'),
	 (600695,8171,0,4.8248,0,1,1,1,1,'Plaguehound - Rugged Hide');


INSERT INTO creature (id1,id2,id3,`map`,zoneId,areaId,spawnMask,phaseMask,equipment_id,position_x,position_y,position_z,orientation,spawntimesecs,wander_distance,currentwaypoint,curhealth,curmana,MovementType,npcflag,unit_flags,dynamicflags,ScriptName,VerifiedBuild,CreateObject,Comment) VALUES
	 (600689,0,0,906,0,0,1,1,0,-1827.79,-4128.34,12.2381,1.23743,1800,10.0,0,11477,9330,1,0,0,0,'',NULL,0,NULL),
	 (600689,0,0,906,0,0,1,1,0,-1770.73,-4275.11,3.31984,5.30908,1800,10.0,0,11477,9330,1,0,0,0,'',NULL,0,NULL),
	 (600689,0,0,906,0,0,1,1,0,-1837.92,-4214.1,3.64544,0.631949,1800,10.0,0,11477,9330,1,0,0,0,'',NULL,0,NULL),
	 (600690,0,0,906,0,0,1,1,1,-1851.86,-4174.55,6.70582,0.695078,1800,10.0,0,100113,279900,1,0,0,0,'',NULL,0,NULL),
	 (600690,0,0,906,0,0,1,1,1,-1854.88,-4142.1,11.052,1.66709,1800,10.0,0,100113,279900,1,0,0,0,'',NULL,0,NULL),
	 (600690,0,0,906,0,0,1,1,1,-1798.06,-4120.41,15.9735,5.61264,1800,10.0,0,100113,279900,1,0,0,0,'',NULL,0,NULL),
	 (600690,0,0,906,0,0,1,1,1,-1800.27,-4144.55,11.3904,5.1026,1800,10.0,0,100113,279900,1,0,0,0,'',NULL,0,NULL),
	 (600690,0,0,906,0,0,1,1,1,-1814.01,-4190.5,5.43948,4.21071,1800,10.0,0,100113,279900,1,0,0,0,'',NULL,0,NULL),
	 (600690,0,0,906,0,0,1,1,1,-1768.83,-4098.1,18.4411,4.26246,1800,0.0,0,100113,279900,0,0,0,0,'',NULL,0,NULL),
	 (600690,0,0,906,0,0,1,1,1,-1800.38,-4252.38,2.63484,2.53591,1800,10.0,0,100113,279900,1,0,0,0,'',NULL,0,NULL)
     (600690,0,0,906,0,0,1,1,1,-1845.34,-4242.49,2.63484,1.29286,1800,10.0,0,100113,279900,1,0,0,0,'',NULL,0,NULL),
	 (600690,0,0,906,0,0,1,1,1,-1719.1,-4131.59,19.8983,5.38887,1800,10.0,0,100113,279900,1,0,0,0,'',NULL,0,NULL),
	 (600690,0,0,906,0,0,1,1,1,-1681.59,-4149.41,17.7583,6.02174,1800,10.0,0,100113,279900,1,0,0,0,'',NULL,0,NULL),
	 (600690,0,0,906,0,0,1,1,1,-1642.64,-4154.33,15.4161,5.37685,1800,10.0,0,100113,279900,1,0,0,0,'',NULL,0,NULL),
	 (600690,0,0,906,0,0,1,1,1,-1645.87,-4181.8,10.4388,4.7827,1800,10.0,0,100113,279900,1,0,0,0,'',NULL,0,NULL),
	 (600690,0,0,906,0,0,1,1,1,-1633.95,-4220.45,5.16497,4.89085,1800,10.0,0,100113,279900,1,0,0,0,'',NULL,0,NULL),
	 (600690,0,0,906,0,0,1,1,1,-1606.17,-4232.35,3.16647,6.22469,1800,10.0,0,100113,279900,1,0,0,0,'',NULL,0,NULL),
	 (600690,0,0,906,0,0,1,1,1,-1595.55,-4200.75,6.5708,1.76001,1800,10.0,0,100113,279900,1,0,0,0,'',NULL,0,NULL),
	 (600690,0,0,906,0,0,1,1,1,-1616.18,-4167.31,11.5801,2.30076,1800,10.0,0,100113,279900,1,0,0,0,'',NULL,0,NULL),
	 (600690,0,0,906,0,0,1,1,1,-1742.15,-4113.26,16.5541,3.98111,1800,7.0,0,100113,279900,1,0,0,0,'',NULL,0,NULL),
	 (600691,0,0,906,0,0,1,1,1,-1940.86,-4095.91,2.533,0.91586,1800,10.0,0,263434,285240,1,0,0,0,'',NULL,0,NULL),
	 (600691,0,0,906,0,0,1,1,1,-1917.21,-4069.91,6.38373,0.427026,1800,10.0,0,263434,285240,1,0,0,0,'',NULL,0,NULL),
	 (600691,0,0,906,0,0,1,1,1,-1894.98,-4087.59,7.66668,5.39773,1800,10.0,0,263434,285240,1,0,0,0,'',NULL,0,NULL),
	 (600691,0,0,906,0,0,1,1,1,-1878.34,-4151.68,5.99838,5.00637,1800,10.0,0,263434,285240,1,0,0,0,'',NULL,0,NULL),
	 (600691,0,0,906,0,0,1,1,1,-1876.61,-4176.94,4.72814,5.16258,1800,10.0,0,263434,285240,1,0,0,0,'',NULL,0,NULL),
	 (600691,0,0,906,0,0,1,1,1,-1858.14,-4203.82,4.4276,5.48703,1800,10.0,0,263434,285240,1,0,0,0,'',NULL,0,NULL),
	 (600691,0,0,906,0,0,1,1,1,-1760.49,-4125.26,13.6283,3.13306,1800,10.0,0,263434,285240,1,0,0,0,'',NULL,0,NULL),
	 (600691,0,0,906,0,0,1,1,1,-1745.64,-4065.67,41.905,4.53483,1800,10.0,0,263434,285240,1,0,0,0,'',NULL,0,NULL),
	 (600691,0,0,906,0,0,1,1,1,-1810.98,-4237.06,2.63484,2.74821,1800,10.0,0,263434,285240,1,0,0,0,'',NULL,0,NULL),
	 (600691,0,0,906,0,0,1,1,1,-1728.25,-4206.02,2.49866,4.55022,1800,10.0,0,263434,285240,1,0,0,0,'',NULL,0,NULL),
	 (600691,0,0,906,0,0,1,1,1,-1726.8,-4237.51,2.49866,4.49013,1800,10.0,0,263434,285240,1,0,0,0,'',NULL,0,NULL),
	 (600691,0,0,906,0,0,1,1,1,-1740.2,-4262.23,2.49866,4.12162,1800,10.0,0,263434,285240,1,0,0,0,'',NULL,0,NULL),
	 (600691,0,0,906,0,0,1,1,1,-1754.52,-4255.47,2.49866,2.03875,1800,10.0,0,263434,285240,1,0,0,0,'',NULL,0,NULL),
	 (600691,0,0,906,0,0,1,1,1,-1755.41,-4235.81,2.50555,1.50201,1800,10.0,0,263434,285240,1,0,0,0,'',NULL,0,NULL),
	 (600691,0,0,906,0,0,1,1,1,-1751.65,-4197.08,2.49891,1.18156,1800,10.0,0,263434,285240,1,0,0,0,'',NULL,0,NULL),
	 (600691,0,0,906,0,0,1,1,1,-1684.52,-4169.76,8.29355,0.0159529,1800,10.0,0,263434,285240,1,0,0,0,'',NULL,0,NULL),
	 (600691,0,0,906,0,0,1,1,1,-1683.69,-4199.04,2.49868,3.99596,1800,10.0,0,263434,285240,1,0,0,0,'',NULL,0,NULL),
	 (600691,0,0,906,0,0,1,1,1,-1701.06,-4199.85,2.49868,2.82634,1800,10.0,0,263434,285240,1,0,0,0,'',NULL,0,NULL),
	 (600692,0,0,906,0,0,1,1,0,-1878.78,-4109.3,11.5213,4.9678,1800,10.0,0,146780,0,1,0,0,0,'',NULL,0,NULL),
	 (600692,0,0,906,0,0,1,1,0,-1922.28,-4132.98,2.53262,3.51246,1800,10.0,0,146780,0,1,0,0,0,'',NULL,0,NULL),
	 (600692,0,0,906,0,0,1,1,0,-1792.47,-4095.49,18.4104,0.747416,1800,0.0,0,146780,0,0,0,0,0,'',NULL,0,NULL),
	 (600692,0,0,906,0,0,1,1,0,-1806.41,-4222.39,3.31356,0.410151,1800,10.0,0,146780,0,1,0,0,0,'',NULL,0,NULL),
	 (600692,0,0,906,0,0,1,1,0,-1770.65,-4214.79,2.49826,0.545003,1800,10.0,0,146780,0,1,0,0,0,'',NULL,0,NULL),
	 (600692,0,0,906,0,0,1,1,0,-1662.02,-4182.41,8.16296,5.49253,1800,13.0,0,146780,0,1,0,0,0,'',NULL,0,NULL),
	 (600693,0,0,906,0,0,1,1,0,-1883.99,-4086.46,10.4143,6.18581,1800,10.0,0,395934,0,1,0,0,0,'',NULL,0,NULL),
	 (600693,0,0,906,0,0,1,1,0,-1881.65,-4102.45,10.9582,4.90404,1800,10.0,0,406683,0,1,0,0,0,'',NULL,0,NULL),
	 (600693,0,0,906,0,0,1,1,0,-1868.51,-4123.04,12.711,5.22448,1800,10.0,0,410841,0,1,0,0,0,'',NULL,0,NULL),
	 (600693,0,0,906,0,0,1,1,0,-1894.66,-4137.48,3.36877,3.80118,1800,10.0,0,395934,0,1,0,0,0,'',NULL,0,NULL),
	 (600693,0,0,906,0,0,1,1,0,-1903.87,-4114.0,3.15507,1.66623,1800,10.0,0,401724,0,1,0,0,0,'',NULL,0,NULL),
	 (600693,0,0,906,0,0,1,1,0,-1923.95,-4089.52,2.53272,1.29372,1800,10.0,0,401724,0,1,0,0,0,'',NULL,0,NULL),
	 (600693,0,0,906,0,0,1,1,0,-1950.07,-4074.82,2.53542,1.02534,1800,10.0,0,406683,0,1,0,0,0,'',NULL,0,NULL),
	 (600693,0,0,906,0,0,1,1,0,-1963.27,-4070.53,2.94965,2.87991,1800,10.0,0,401724,0,1,0,0,0,'',NULL,0,NULL),
	 (600693,0,0,906,0,0,1,1,0,-1975.58,-4065.4,4.30854,2.61554,1800,10.0,0,395934,0,1,0,0,0,'',NULL,0,NULL),
	 (600693,0,0,906,0,0,1,1,0,-1996.13,-4083.98,2.35581,3.67701,1800,10.0,0,395934,0,1,0,0,0,'',NULL,0,NULL),
	 (600693,0,0,906,0,0,1,1,0,-1990.59,-4094.52,2.4729,6.02825,1800,10.0,0,395934,0,1,0,0,0,'',NULL,0,NULL),
	 (600693,0,0,906,0,0,1,1,0,-1966.14,-4097.25,2.53085,5.54358,1800,10.0,0,395934,0,1,0,0,0,'',NULL,0,NULL),
	 (600693,0,0,906,0,0,1,1,0,-1952.02,-4125.61,2.53178,5.17107,1800,10.0,0,401724,0,1,0,0,0,'',NULL,0,NULL),
	 (600693,0,0,906,0,0,1,1,0,-1958.6,-4151.5,2.49776,4.26181,1800,10.0,0,395934,0,1,0,0,0,'',NULL,0,NULL),
	 (600693,0,0,906,0,0,1,1,0,-1978.72,-4148.3,2.15044,2.17627,1800,10.0,0,406683,0,1,0,0,0,'',NULL,0,NULL),
	 (600693,0,0,906,0,0,1,1,0,-1933.31,-4176.85,2.44418,5.89992,1800,10.0,0,406683,0,1,0,0,0,'',NULL,0,NULL),
	 (600693,0,0,906,0,0,1,1,0,-1910.37,-4190.41,2.5306,5.68762,1800,10.0,0,410841,0,1,0,0,0,'',NULL,0,NULL),
	 (600693,0,0,906,0,0,1,1,0,-1899.07,-4181.72,2.75264,0.950575,1800,10.0,0,401724,0,1,0,0,0,'',NULL,0,NULL),
	 (600693,0,0,906,0,0,1,1,0,-1909.7,-4165.34,2.533,2.9253,1800,10.0,0,401724,0,1,0,0,0,'',NULL,0,NULL),
	 (600693,0,0,906,0,0,1,1,0,-1929.31,-4150.97,2.533,2.44464,1800,10.0,0,401724,0,1,0,0,0,'',NULL,0,NULL),
	 (600693,0,0,906,0,0,1,1,0,-1925.75,-4118.26,2.533,2.18428,1800,10.0,0,410841,0,1,0,0,0,'',NULL,0,NULL),
	 (600693,0,0,906,0,0,1,1,0,-1762.4,-4072.16,34.3395,0.440004,1800,10.0,0,410841,0,1,0,0,0,'',NULL,0,NULL),
	 (600693,0,0,906,0,0,1,1,0,-1727.01,-4109.67,21.6616,4.66034,1800,10.0,0,395934,0,1,0,0,0,'',NULL,0,NULL),
	 (600693,0,0,906,0,0,1,1,0,-1737.6,-4142.35,14.5332,4.06352,1800,10.0,0,406683,0,1,0,0,0,'',NULL,0,NULL),
	 (600693,0,0,906,0,0,1,1,0,-1751.37,-4172.69,3.94404,4.11959,1800,10.0,0,395934,0,1,0,0,0,'',NULL,0,NULL),
	 (600693,0,0,906,0,0,1,1,0,-1778.57,-4245.58,3.18239,4.56405,1800,10.0,0,401724,0,1,0,0,0,'',NULL,0,NULL),
	 (600693,0,0,906,0,0,1,1,0,-1829.34,-4238.11,2.63493,0.921748,1800,10.0,0,410841,0,1,0,0,0,'',NULL,0,NULL),
	 (600693,0,0,906,0,0,1,1,0,-1856.18,-4245.5,2.63484,0.433008,1800,10.0,0,401724,0,1,0,0,0,'',NULL,0,NULL),
	 (600693,0,0,906,0,0,1,1,0,-1702.77,-4143.54,18.3173,0.466068,1800,0.0,0,395934,0,0,0,0,0,'',NULL,0,NULL),
	 (600693,0,0,906,0,0,1,1,0,-1656.63,-4167.54,13.6958,5.41541,1800,10.0,0,395934,0,1,0,0,0,'',NULL,0,NULL),
	 (600693,0,0,906,0,0,1,1,0,-1714.21,-4168.95,4.1745,4.80225,1800,10.0,0,406683,0,1,0,0,0,'',NULL,0,NULL),
	 (600693,0,0,906,0,0,1,1,0,-1666.22,-4211.6,2.49915,5.73986,1800,10.0,0,401724,0,1,0,0,0,'',NULL,0,NULL),
	 (600693,0,0,906,0,0,1,1,0,-1645.85,-4213.16,4.02176,0.149631,1800,10.0,0,401724,0,1,0,0,0,'',NULL,0,NULL),
	 (600693,0,0,906,0,0,1,1,0,-1629.02,-4200.72,7.10647,0.578223,1800,10.0,0,406683,0,1,0,0,0,'',NULL,0,NULL),
	 (600693,0,0,906,0,0,1,1,0,-1613.66,-4186.26,8.43929,0.638306,1800,10.0,0,406683,0,1,0,0,0,'',NULL,0,NULL),
	 (600693,0,0,906,0,0,1,1,0,-1576.44,-4200.32,5.32932,5.74787,1800,0.0,0,406683,0,0,0,0,0,'',NULL,0,NULL),
	 (600693,0,0,906,0,0,1,1,0,-1628.52,-4250.53,2.48016,3.57287,1800,10.0,0,401724,0,1,0,0,0,'',NULL,0,NULL),
	 (600693,0,0,906,0,0,1,1,0,-1658.35,-4267.6,2.97278,3.48534,1800,10.0,0,395934,0,1,0,0,0,'',NULL,0,NULL),
	 (600693,0,0,906,0,0,1,1,0,-1680.63,-4292.98,3.13617,3.72508,1800,10.0,0,410841,0,1,0,0,0,'',NULL,0,NULL),
	 (600693,0,0,906,0,0,1,1,0,-1705.89,-4299.05,3.15824,3.35256,1800,10.0,0,401724,0,1,0,0,0,'',NULL,0,NULL),
	 (600693,0,0,906,0,0,1,1,0,-1737.0,-4310.29,2.34097,3.4527,1800,10.0,0,395934,0,1,0,0,0,'',NULL,0,NULL),
	 (600693,0,0,906,0,0,1,1,0,-1743.49,-4286.04,2.5004,1.8852,1800,10.0,0,410841,0,1,0,0,0,'',NULL,0,NULL),
	 (600694,0,0,906,0,0,1,1,0,-1978.2,-4118.67,2.49578,0.751474,1800,10.0,0,726220,0,1,0,0,0,'',NULL,0,NULL),
	 (600694,0,0,906,0,0,1,1,0,-1900.12,-4154.84,2.53246,2.08799,1800,10.0,0,726220,0,1,0,0,0,'',NULL,0,NULL),
	 (600694,0,0,906,0,0,1,1,0,-1779.25,-4167.4,5.34427,4.30801,1800,10.0,0,726220,0,1,0,0,0,'',NULL,0,NULL),
	 (600695,0,0,906,0,0,1,1,0,-1818.88,-4156.81,10.3948,1.57095,1800,0.0,0,117097,0,0,0,0,0,'',NULL,0,NULL),
	 (600695,0,0,906,0,0,1,1,0,-1811.29,-4150.57,10.3949,3.08622,1800,0.0,0,117097,0,0,0,0,0,'',NULL,0,NULL),
	 (600695,0,0,906,0,0,1,1,0,-1817.55,-4141.94,10.3949,4.60565,1800,0.0,0,117097,0,0,0,0,0,'',NULL,0,NULL),
	 (600695,0,0,906,0,0,1,1,0,-1822.86,-4144.92,10.3951,5.4769,1800,0.0,0,117097,0,0,0,0,0,'',NULL,0,NULL),
	 (600695,0,0,906,0,0,1,1,0,-1812.96,-4155.31,10.3949,2.15772,1800,0.0,0,117097,0,0,0,0,0,'',NULL,0,NULL),
	 (600695,0,0,906,0,0,1,1,0,-1812.38,-4144.1,10.3951,3.90668,1800,0.0,0,117097,0,0,0,0,0,'',NULL,0,NULL),
	 (600695,0,0,906,0,0,1,1,0,-1824.01,-4154.84,10.3953,0.803483,1800,0.0,0,117097,0,0,0,0,0,'',NULL,0,NULL),
	 (600696,0,0,906,0,0,1,1,0,-1933.98,-4043.04,16.184,2.93662,1800,7.0,0,249819,0,1,0,0,0,'',NULL,0,NULL),
	 (600696,0,0,906,0,0,1,1,0,-1917.7,-3990.17,41.8468,4.10625,1800,8.0,0,249819,0,1,0,0,0,'',NULL,0,NULL),
	 (600696,0,0,906,0,0,1,1,0,-1924.76,-3972.55,55.9089,0.0337882,1800,8.0,0,249819,0,1,0,0,0,'',NULL,0,NULL),
	 (600696,0,0,906,0,0,1,1,0,-1907.09,-3980.57,48.3222,0.0938713,1800,10.0,0,249819,0,1,0,0,0,'',NULL,0,NULL),
	 (600696,0,0,906,0,0,1,1,0,-1908.83,-3999.47,37.3144,4.47176,1800,8.0,0,249819,0,1,0,0,0,'',NULL,0,NULL),
	 (600696,0,0,906,0,0,1,1,0,-1913.94,-4021.96,25.1471,4.31154,1800,6.0,0,249819,0,1,0,0,0,'',NULL,0,NULL),
	 (600696,0,0,906,0,0,1,1,0,-1927.5,-4015.59,33.6872,2.17258,1800,10.0,0,249819,0,1,0,0,0,'',NULL,0,NULL),
	 (600696,0,0,906,0,0,1,1,0,-1951.03,-4044.3,11.3777,3.22588,1800,10.0,0,249819,0,1,0,0,0,'',NULL,0,NULL),
	 (600696,0,0,906,0,0,1,1,0,-1955.42,-4039.84,10.4017,1.4922,1800,10.0,0,249819,0,1,0,0,0,'',NULL,0,NULL),
	 (600696,0,0,906,0,0,1,1,0,-1916.97,-4044.63,15.9362,6.06564,1800,8.0,0,249819,0,1,0,0,0,'',NULL,0,NULL),
	 (600697,0,0,906,0,0,1,1,0,-1847.67,-4091.81,9.57486,3.66493,1800,0.0,0,88462,0,0,0,0,0,'',NULL,0,NULL),
	 (600697,0,0,906,0,0,1,1,0,-1848.68,-4096.02,9.57486,3.30977,1800,0.0,0,88462,0,0,0,0,0,'',NULL,0,NULL),
	 (600697,0,0,906,0,0,1,1,0,-1859.32,-4097.52,9.24154,6.01751,1800,10.0,0,88462,0,1,0,0,0,'',NULL,0,NULL),
	 (600697,0,0,906,0,0,1,1,0,-1857.55,-4095.56,9.24158,0.871898,1800,0.0,0,88462,0,0,0,0,0,'',NULL,0,NULL),
	 (600697,0,0,906,0,0,1,1,0,-1850.73,-4093.09,9.57549,4.79198,1800,0.0,0,88462,0,0,0,0,0,'',NULL,0,NULL),
	 (600697,0,0,906,0,0,1,1,0,-1856.27,-4099.09,9.24165,1.05898,1800,0.0,0,88462,0,0,0,0,0,'',NULL,0,NULL),
	 (600697,0,0,906,0,0,1,1,0,-1848.16,-4099.72,9.57531,3.00017,1800,0.0,0,88462,0,0,0,0,0,'',NULL,0,NULL),
	 (600697,0,0,906,0,0,1,1,0,-1848.43,-4093.78,9.57531,3.65959,1800,10.0,0,88462,0,1,0,0,0,'',NULL,0,NULL),
	 (600697,0,0,906,0,0,1,1,0,-1857.84,-4098.06,9.24151,0.297772,1800,0.0,0,88462,0,0,0,0,0,'',NULL,0,NULL),
	 (600697,0,0,906,0,0,1,1,0,-1846.44,-4094.9,9.57557,3.30844,1800,0.0,0,88462,0,0,0,0,0,'',NULL,0,NULL),
	 (600697,0,0,906,0,0,1,1,0,-1851.02,-4098.92,9.57557,2.99216,1800,0.0,0,88462,0,0,0,0,0,'',NULL,0,NULL),
	 (600698,0,0,906,0,0,1,1,0,-1943.31,-4155.16,2.5325,1.17292,1800,8.0,0,336600,0,1,0,0,0,'',NULL,0,NULL),
	 (600699,0,0,906,0,0,1,1,0,-1852.61,-4095.6,9.57498,4.66142,1800,4.0,0,550800,0,1,0,0,0,'',NULL,0,NULL),
	 (600700,0,0,906,0,0,1,1,0,-1698.36,-4261.88,2.49885,2.43984,1800,5.0,0,1476628,0,1,0,0,0,'',NULL,0,NULL);


INSERT INTO smart_scripts (entryorguid,source_type,id,link,event_type,event_phase_mask,event_chance,event_flags,event_param1,event_param2,event_param3,event_param4,event_param5,event_param6,action_type,action_param1,action_param2,action_param3,action_param4,action_param5,action_param6,target_type,target_param1,target_param2,target_param3,target_param4,target_x,target_y,target_z,target_o,comment) VALUES
	 (600689,0,0,0,1,0,100,513,1000,1000,1000,1000,0,0,11,58847,2,0,0,0,0,11,31245,30,0,0,0.0,0.0,0.0,0.0,'Scourge Adept - Out of Combat - Cast ''Green Cultist Beam'' (No Repeat)'),
	 (600689,0,1,0,0,0,100,0,4000,7000,6000,9000,0,0,11,60646,0,0,0,0,0,2,0,0,0,0,0.0,0.0,0.0,0.0,'Scourge Adept - In Combat - Cast ''Shadow Blast'''),
	 (600689,0,2,0,2,0,100,0,0,80,20000,30000,0,0,11,17238,0,0,0,0,0,2,0,0,0,0,0.0,0.0,0.0,0.0,'Scourge Adept - Between 0-80% Health - Cast ''Drain Life'''),
	 (600690,0,0,0,1,0,100,1,1000,1000,0,0,0,0,11,16592,0,0,0,0,0,1,0,0,0,0,0.0,0.0,0.0,0.0,'Scourge Necromancer - Out of Combat - Cast ''Shadowform'' (No Repeat)'),
	 (600690,0,1,0,1,0,100,1,3000,3000,0,0,0,0,11,12420,0,0,0,0,0,1,0,0,0,0,0.0,0.0,0.0,0.0,'Scourge Necromancer - Out of Combat - Cast ''Summon Skeletal Servant'' (No Repeat)'),
	 (600690,0,2,0,0,0,100,0,4000,7000,20000,24000,0,0,11,11443,1,0,0,0,0,5,0,0,0,0,0.0,0.0,0.0,0.0,'Scourge Necromancer - In Combat - Cast ''Cripple'''),
	 (600691,0,0,0,1,0,100,512,1000,900000,500000,700000,0,0,11,45850,2,0,0,0,0,1,0,0,0,0,0.0,0.0,0.0,0.0,'Scourge Plaguebringer - Out of Combat - Cast ''Ghoul Summons'''),
	 (600691,0,1,0,25,0,100,0,0,0,0,0,0,0,11,45820,0,0,0,0,0,19,25670,25,0,0,0.0,0.0,0.0,0.0,'Scourge Plaguebringer - On Reset - Cast ''Plague Cauldron Beam'''),
	 (600691,0,2,0,0,0,30,0,1100,6300,8800,13800,0,0,11,50356,0,0,0,0,0,2,0,0,0,0,0.0,0.0,0.0,0.0,'Scourge Plaguebringer - In Combat - Cast ''Inject Plague'''),
	 (600691,0,3,0,21,0,100,0,0,0,0,0,0,0,11,45820,0,0,0,0,0,9,24021,0,30,0,0.0,0.0,0.0,0.0,'Scourge Plaguebringer - On Reached Home - Cast ''Plague Cauldron Beam'''),
	 (600691,0,4,0,1,0,100,0,5000,10000,10000,15000,0,0,11,45864,0,0,0,0,0,19,23837,20,0,0,0.0,0.0,0.0,0.0,'Scourge Plaguebringer - Out of Combat - Cast ''Soul Missile'''),
	 (600692,0,0,0,9,0,100,0,0,0,10000,13000,0,20,11,15471,0,0,0,0,0,2,0,0,0,0,0.0,0.0,0.0,0.0,'Scourged Overseer - Within 0-20 Range - Cast ''Enveloping Web'''),
	 (600692,0,1,0,0,0,100,0,5000,7000,7000,9000,0,0,11,31601,1,0,0,0,0,2,0,0,0,0,0.0,0.0,0.0,0.0,'Scourged Overseer - In Combat - Cast ''Crypt Scarabs'''),
	 (600693,0,0,0,6,0,100,0,0,0,0,0,0,0,11,55876,0,0,0,0,0,1,0,0,0,0,0.0,0.0,0.0,0.0,'Plagued Ghoul - On Just Died - Cast ''Plague Contamination'''),
	 (600694,0,0,0,0,0,100,0,5000,10000,5000,10000,0,0,11,70191,0,0,0,0,0,2,0,0,0,0,0.0,0.0,0.0,0.0,'Frenzied Abomination - In Combat - Cast ''Cleave'''),
	 (600694,0,1,0,0,0,100,0,30000,45000,60000,60000,0,0,11,70371,0,0,0,0,0,1,0,0,0,0,0.0,0.0,0.0,0.0,'Frenzied Abomination - In Combat - Cast ''Enrage'''),
	 (600695,0,0,0,0,0,100,0,2000,5000,9000,14000,0,0,11,3427,32,0,0,0,0,2,0,0,0,0,0.0,0.0,0.0,0.0,'Plaguehound - In Combat - Cast ''Infected Wound'''),
	 (600696,0,0,0,0,0,100,0,2000,6000,7000,10000,0,0,11,49861,32,0,0,0,0,2,0,0,0,0,0.0,0.0,0.0,0.0,'Infected Wild - In Combat - Cast ''Infected Bite'''),
	 (600697,0,0,0,1,0,100,0,0,0,5000,5000,0,0,49,0,0,0,0,0,0,21,20,0,0,0,0.0,0.0,0.0,0.0,'Plagued Maggot - Out of Combat - Start Attacking'),
	 (600697,0,1,0,0,0,100,0,0,11000,20000,30000,0,0,11,16449,0,0,0,0,0,2,0,0,0,0,0.0,0.0,0.0,0.0,'Plagued Maggot - In Combat - Cast ''Maggot Slime''');
