INSERT INTO creature_template (entry,difficulty_entry_1,difficulty_entry_2,difficulty_entry_3,KillCredit1,KillCredit2,name,subname,IconName,gossip_menu_id,minlevel,maxlevel,`exp`,faction,npcflag,speed_walk,speed_run,speed_swim,speed_flight,detection_range,`scale`,`rank`,dmgschool,DamageModifier,BaseAttackTime,RangeAttackTime,BaseVariance,RangeVariance,unit_class,unit_flags,unit_flags2,dynamicflags,family,trainer_type,trainer_spell,trainer_class,trainer_race,`type`,type_flags,lootid,pickpocketloot,skinloot,PetSpellDataId,VehicleId,mingold,maxgold,AIName,MovementType,HoverHeight,HealthModifier,ManaModifier,ArmorModifier,ExperienceModifier,RacialLeader,movementId,RegenHealth,mechanic_immune_mask,spell_school_immune_mask,flags_extra,ScriptName,VerifiedBuild) VALUES
	 (600681,0,0,0,0,0,'Felrage Defender','Delve',NULL,0,83,83,1,168,0,1.0,1.71429,1.0,1.0,20.0,1.0,1,0,30.05,2000,2000,1.0,1.0,1,32832,2048,0,0,0,0,0,0,7,0,600681,600681,0,0,0,1294,1695,'SmartAI',1,1.0,28.0,1.0,1.0,1.0,0,0,1,13108049,0,0,'',12340),
	 (600682,0,0,0,0,0,'Felrage Soothsayer','Delve',NULL,0,83,83,1,168,0,1.0,1.14286,1.0,1.0,20.0,1.0,1,0,22.0,2000,1500,1.0,1.0,8,32832,2048,0,0,0,0,0,0,7,0,600682,600682,0,0,0,952,1249,'SmartAI',1,1.0,22.4,30.0,1.0,1.0,0,0,1,0,0,0,'',12340),
	 (600683,0,0,0,0,0,'Felrage Demon Hunter','Delve',NULL,0,83,85,1,168,0,1.0,1.19048,1.0,1.0,20.0,1.0,1,0,36.9,2000,2000,1.0,1.0,1,32768,2048,0,0,0,0,0,0,7,0,600683,600683,0,0,0,169,225,'SmartAI',1,1.0,38.0,1.0,1.0,1.0,0,0,1,0,0,0,'',12340),
	 (600684,0,0,0,0,0,'Demon Hunter Supplicant','Delve',NULL,0,84,84,1,168,0,1.6,1.42857,1.0,1.0,20.0,1.0,1,0,28.0,1600,1600,1.0,1.0,1,32768,2048,0,0,0,0,0,0,7,0,600684,600684,0,0,0,205,273,'SmartAI',1,1.0,17.5,1.0,1.0,1.0,0,0,1,0,0,0,'',12340),
	 (600685,0,0,0,0,0,'Demon Hunter Initiate','Delve',NULL,0,84,84,1,168,0,1.3,1.42857,1.0,1.0,20.0,1.0,1,0,32.0,1600,1600,1.0,1.0,2,32768,2048,0,0,0,0,0,0,7,0,600685,600685,0,0,0,178,237,'SmartAI',1,1.0,28.0,15.0,1.0,1.0,0,0,1,0,0,0,'',12340),
	 (600686,0,0,0,0,0,'Prince Sshekj','Delve Boss',NULL,0,83,83,1,168,0,1.0,1.42857,1.0,1.0,20.0,1.0,3,0,24.0,2000,2000,1.0,1.0,1,32832,2048,0,0,0,0,0,0,7,4,600686,0,0,0,0,1039,1362,'',1,1.0,85.0,10.0,1.1,1.0,0,0,1,1105,0,0,'',12340),
	 (600687,0,0,0,0,0,'Lorthan','Delve Boss',NULL,0,85,85,0,168,0,1.0,1.14286,1.0,1.0,20.0,1.0,3,0,38.0,2000,2000,1.0,1.0,1,0,2048,0,0,0,0,0,0,7,4,600687,600687,0,0,0,399,1620,'',1,1.0,110.7,40.0,1.2,2.0,0,0,1,646659935,0,0,'',12340),
	 (600688,0,0,0,0,0,'Axlenar','Delve Boss',NULL,0,85,85,0,168,0,1.0,2.14286,1.0,1.0,20.0,1.0,3,0,36.28,1000,2000,1.0,1.0,1,64,2048,0,0,0,0,0,0,7,4,600688,0,0,0,0,553,727,'',1,1.0,110.0,2.0,1.3,1.0,0,0,1,613105499,0,0,'',12340);

INSERT INTO creature_template_model (CreatureID,Idx,CreatureDisplayID,DisplayScale,Probability,VerifiedBuild) VALUES
	 (600681,0,18387,1.0,1.0,12340),
	 (600682,0,18395,1.0,1.0,12340),
	 (600683,0,18388,1.0,1.0,12340),
	 (600684,0,20131,1.0,1.0,12340),
	 (600684,1,20132,1.0,1.0,12340),
	 (600684,2,20133,1.0,1.0,12340),
	 (600684,3,20134,1.0,1.0,12340),
	 (600685,0,20756,1.0,1.0,12340),
	 (600685,1,20757,1.0,1.0,12340),
	 (600685,2,20758,1.0,1.0,12340),
	 (600685,3,20759,1.0,1.0,12340),
	 (600686,0,6763,1.0,1.0,12340),
	 (600687,0,20122,1.0,1.0,12340),
	 (600688,0,20126,1.0,1.0,12340);

INSERT INTO creature_template_spell (CreatureID,`Index`,Spell,VerifiedBuild) VALUES
	 (600681,0,15655,12340),
	 (600681,1,31554,12340),
	 (600682,0,30923,12340),
	 (600682,1,31555,12340),
	 (600682,2,15791,12340),
	 (600683,0,6533,12340),
	 (600683,1,40331,12340),
	 (600684,0,37683,12340),
	 (600684,1,32720,0),
	 (600685,0,35871,12340),
	 (600685,1,37833,12340),
	 (600685,2,33651,12340),
	 (600686,0,43107,0),
	 (600686,1,17687,0),
	 (600687,0,39262,0),
	 (600687,1,37683,0),
	 (600687,2,39135,0),
	 (600687,3,36298,0),
	 (600688,0,39262,0),
	 (600688,1,37683,0),
	 (600688,2,36298,0),
	 (600688,3,39082,0);

INSERT INTO creature_onkill_reputation (creature_id,RewOnKillRepFaction1,RewOnKillRepFaction2,MaxStanding1,IsTeamAward1,RewOnKillRepValue1,MaxStanding2,IsTeamAward2,RewOnKillRepValue2,TeamDependent) VALUES
	 (600681,942,0,4,0,5.0,0,0,0.0,0),
	 (600682,942,0,4,0,5.0,0,0,0.0,0),
	 (600683,942,0,7,0,12.0,0,0,0.0,0);

INSERT INTO creature_equip_template (CreatureID,ID,ItemID1,ItemID2,ItemID3,VerifiedBuild) VALUES
	 (600681,1,10614,1984,0,18019),
	 (600682,1,12328,0,0,18019),
	 (600683,1,14882,20417,0,18019),
	 (600684,1,14882,20417,0,18019),
	 (600685,1,5597,5597,0,18019),
	 (600686,1,5747,0,0,18019),
	 (600687,1,30208,30209,0,18019),
	 (600688,1,30208,30209,0,18019);

INSERT INTO creature_loot_template (Entry,Item,Reference,Chance,QuestRequired,LootMode,GroupId,MinCount,MaxCount,Comment) VALUES
	 (600681,5760,0,0.3168,0,1,0,1,1,'Coilfang Defender - Eternium Lockbox'),
	 (600681,17057,0,29.8401,0,1,0,1,1,'Coilfang Defender - Shiny Fish Scales'),
	 (600681,22903,0,0.12,0,1,0,1,1,'Coilfang Defender - Recipe: Insane Strength Potion'),
	 (600681,23884,0,0.12,0,1,0,1,1,'Coilfang Defender - Schematic: Mana Potion Injector'),
	 (600681,24000,24000,5.0,0,1,1,1,1,'Coilfang Defender - (ReferenceTable)'),
	 (600681,24001,24001,5.0,0,1,1,1,1,'Coilfang Defender - (ReferenceTable)'),
	 (600681,24002,24002,5.0,0,1,1,1,1,'Coilfang Defender - (ReferenceTable)'),
	 (600681,24003,24003,1.0,0,1,1,1,1,'Coilfang Defender - (ReferenceTable)'),
	 (600681,24005,24005,1.0,0,1,1,1,1,'Coilfang Defender - (ReferenceTable)'),
	 (600681,24368,0,6.0,0,1,0,1,1,'Coilfang Defender - Coilfang Armaments'),
	 (600681,24476,0,26.9991,0,1,0,1,1,'Coilfang Defender - Jaggal Clam'),
	 (600681,27858,0,4.4658,0,1,0,1,3,'Coilfang Defender - Sunspring Carp'),
	 (600681,27860,0,1.0424,0,1,0,1,1,'Coilfang Defender - Purified Draenic Water'),
	 (600681,28399,0,1.1803,0,1,0,1,1,'Coilfang Defender - Filtered Draenic Water'),
	 (600682,5760,0,0.2813,0,1,0,1,1,'Coilfang Soothsayer - Eternium Lockbox'),
	 (600682,17057,0,30.0042,0,1,0,1,1,'Coilfang Soothsayer - Shiny Fish Scales'),
	 (600682,22903,0,0.12,0,1,0,1,1,'Coilfang Soothsayer - Recipe: Insane Strength Potion'),
	 (600682,23884,0,0.12,0,1,0,1,1,'Coilfang Soothsayer - Schematic: Mana Potion Injector'),
	 (600682,24000,24000,5.0,0,1,1,1,1,'Coilfang Soothsayer - (ReferenceTable)'),
	 (600682,24001,24001,5.0,0,1,1,1,1,'Coilfang Soothsayer - (ReferenceTable)'),
	 (600682,24002,24002,5.0,0,1,1,1,1,'Coilfang Soothsayer - (ReferenceTable)'),
	 (600682,24003,24003,1.0,0,1,1,1,1,'Coilfang Soothsayer - (ReferenceTable)'),
	 (600682,24009,24009,1.0,0,1,1,1,1,'Coilfang Soothsayer - (ReferenceTable)'),
	 (600682,24023,24023,1.0,0,1,1,1,1,'Coilfang Soothsayer - (ReferenceTable)'),
	 (600682,24368,0,6.0,0,1,0,1,1,'Coilfang Soothsayer - Coilfang Armaments'),
	 (600682,24476,0,27.5848,0,1,0,1,1,'Coilfang Soothsayer - Jaggal Clam'),
	 (600682,27858,0,4.7264,0,1,0,1,3,'Coilfang Soothsayer - Sunspring Carp'),
	 (600682,27860,0,0.7737,0,1,0,1,1,'Coilfang Soothsayer - Purified Draenic Water'),
	 (600682,28399,0,0.9847,0,1,0,1,1,'Coilfang Soothsayer - Filtered Draenic Water'),
	 (600683,22532,0,0.01,0,1,0,1,1,'Coilfang Engineer - Formula: Enchant Bracer - Restore Mana Prime'),
	 (600683,22903,0,0.2,0,1,0,1,1,'Coilfang Engineer - Recipe: Insane Strength Potion'),
	 (600683,23884,0,0.2,0,1,0,1,1,'Coilfang Engineer - Schematic: Mana Potion Injector'),
	 (600683,24092,24092,0.5,0,1,1,1,1,'Coilfang Engineer - (ReferenceTable)'),
	 (600683,24367,0,2.0,0,1,0,1,1,'Coilfang Engineer - Orders from Lady Vashj'),
	 (600683,24368,0,16.0,0,1,0,1,1,'Coilfang Engineer - Coilfang Armaments'),
	 (600683,24476,0,33.3,0,1,0,1,1,'Coilfang Engineer - Jaggal Clam'),
	 (600683,27860,0,33.3,0,1,0,1,1,'Coilfang Engineer - Purified Draenic Water'),
	 (600684,21877,0,4.2223,0,1,0,1,3,'Demon Hunter Supplicant - Netherweave Cloth'),
	 (600684,22903,0,0.05,0,1,0,1,1,'Demon Hunter Supplicant - Recipe: Insane Strength Potion'),
	 (600684,23884,0,0.05,0,1,0,1,1,'Demon Hunter Supplicant - Schematic: Mana Potion Injector'),
	 (600684,24002,24002,5.0,0,1,1,1,1,'Demon Hunter Supplicant - (ReferenceTable)'),
	 (600684,24009,24009,1.0,0,1,1,1,1,'Demon Hunter Supplicant - (ReferenceTable)'),
	 (600684,24011,24011,1.0,0,1,1,1,1,'Demon Hunter Supplicant - (ReferenceTable)'),
	 (600684,24012,24012,0.5,0,1,1,1,1,'Demon Hunter Supplicant - (ReferenceTable)'),
	 (600684,27854,0,0.4429,0,1,0,1,1,'Demon Hunter Supplicant - Smoked Talbuk Venison'),
	 (600684,27860,0,0.2013,0,1,0,1,1,'Demon Hunter Supplicant - Purified Draenic Water'),
	 (600684,29739,0,1.8,0,1,0,1,1,'Demon Hunter Supplicant - Arcane Tome'),
	 (600684,30679,0,80.0,1,1,0,1,1,'Demon Hunter Supplicant - Sunfury Glaive'),
	 (600684,30810,0,24.0,0,1,0,1,1,'Demon Hunter Supplicant - Sunfury Signet'),
	 (600684,31952,0,0.0058,0,1,0,1,1,'Demon Hunter Supplicant - Khorium Lockbox'),
	 (600685,19259,0,0.0127,0,1,0,1,1,'Demon Hunter Initiate - Two of Warlords'),
	 (600685,19260,0,0.007,0,1,0,1,1,'Demon Hunter Initiate - Three of Warlords'),
	 (600685,19261,0,0.0098,0,1,0,1,1,'Demon Hunter Initiate - Four of Warlords'),
	 (600685,19270,0,0.0113,0,1,0,1,1,'Demon Hunter Initiate - Three of Elementals'),
	 (600685,19271,0,0.0042,0,1,0,1,1,'Demon Hunter Initiate - Four of Elementals'),
	 (600685,19278,0,0.0155,0,1,0,1,1,'Demon Hunter Initiate - Two of Portals'),
	 (600685,19279,0,0.0113,0,1,0,1,1,'Demon Hunter Initiate - Three of Portals'),
	 (600685,19280,0,0.0084,0,1,0,1,1,'Demon Hunter Initiate - Four of Portals'),
	 (600685,21877,0,35.4292,0,1,0,1,3,'Demon Hunter Initiate - Netherweave Cloth'),
	 (600685,22532,0,0.01,0,1,0,1,1,'Demon Hunter Initiate - Formula: Enchant Bracer - Restore Mana Prime'),
	 (600685,22903,0,0.05,0,1,0,1,1,'Demon Hunter Initiate - Recipe: Insane Strength Potion'),
	 (600685,23884,0,0.05,0,1,0,1,1,'Demon Hunter Initiate - Schematic: Mana Potion Injector'),
	 (600685,24002,24002,5.0,0,1,1,1,1,'Demon Hunter Initiate - (ReferenceTable)'),
	 (600685,24009,24009,1.0,0,1,1,1,1,'Demon Hunter Initiate - (ReferenceTable)'),
	 (600685,24011,24011,1.0,0,1,1,1,1,'Demon Hunter Initiate - (ReferenceTable)'),
	 (600685,24012,24012,0.5,0,1,1,1,1,'Demon Hunter Initiate - (ReferenceTable)'),
	 (600685,24014,24014,0.5,0,1,1,1,1,'Demon Hunter Initiate - (ReferenceTable)'),
	 (600685,27857,0,4.3001,0,1,0,1,1,'Demon Hunter Initiate - Garadar Sharp'),
	 (600685,27860,0,2.1494,0,1,0,1,1,'Demon Hunter Initiate - Purified Draenic Water'),
	 (600685,29739,0,1.9,0,1,0,1,1,'Demon Hunter Initiate - Arcane Tome'),
	 (600685,30679,0,80.0,1,1,0,1,1,'Demon Hunter Initiate - Sunfury Glaive'),
	 (600685,30810,0,28.0,0,1,0,1,1,'Demon Hunter Initiate - Sunfury Signet'),
	 (600686,0,100500,100.0,0,1,0,1,1,'Custom Boss Loot'),
	 (600686,43949,0,100.0,0,1,0,1,2,'Delve Token'),
	 (600687,0,100500,100.0,0,1,0,1,1,'Custom Boss Loot'),
	 (600687,43949,0,100.0,0,1,0,1,2,'Delve Token'),
	 (600688,0,100500,100.0,0,1,0,1,1,'Custom Boss Loot'),
	 (600688,43949,0,100.0,0,1,0,1,2,'Delve Token');


INSERT INTO creature (id1,id2,id3,`map`,zoneId,areaId,spawnMask,phaseMask,equipment_id,position_x,position_y,position_z,orientation,spawntimesecs,wander_distance,currentwaypoint,curhealth,curmana,MovementType,npcflag,unit_flags,dynamicflags,ScriptName,VerifiedBuild,CreateObject,Comment) VALUES
	 (600681,0,0,1,0,0,1,1,1,9673.97,-210.818,-19.0823,1.02245,1800,10.0,0,306644,0,1,0,0,0,'',NULL,0,NULL),
	 (600681,0,0,1,0,0,1,1,1,9659.93,-193.108,-20.1536,1.45139,1800,10.0,0,306644,0,1,0,0,0,'',NULL,0,NULL),
	 (600681,0,0,1,0,0,1,1,1,9678.4,-169.966,-20.7856,0.109534,1800,10.0,0,306644,0,1,0,0,0,'',NULL,0,NULL),
	 (600681,0,0,1,0,0,1,1,1,9728.81,-181.104,-19.6463,5.96012,1800,10.0,0,306644,0,1,0,0,0,'',NULL,0,NULL),
	 (600681,0,0,1,0,0,1,1,1,9742.5,-196.176,-18.9506,5.5836,1800,10.0,0,306644,0,1,0,0,0,'',NULL,0,NULL),
	 (600681,0,0,1,0,0,1,1,1,9763.94,-211.348,-18.7513,4.88263,1800,10.0,0,306644,0,1,0,0,0,'',NULL,0,NULL),
	 (600681,0,0,1,0,0,1,1,1,9700.22,-237.378,-20.0674,3.49271,1800,10.0,0,306644,0,1,0,0,0,'',NULL,0,NULL),
	 (600681,0,0,1,0,0,1,1,1,9677.39,-231.802,-20.4933,1.94257,1800,10.0,0,306644,0,1,0,0,0,'',NULL,0,NULL),
	 (600681,0,0,1,0,0,1,1,1,9678.12,-146.598,-20.0524,1.04934,1800,10.0,0,306644,0,1,0,0,0,'',NULL,0,NULL),
	 (600681,0,0,1,0,0,1,1,1,9651.79,-109.827,-18.9534,1.63815,1800,10.0,0,306644,0,1,0,0,0,'',NULL,0,NULL),
	 (600681,0,0,1,0,0,1,1,1,9752.52,-144.766,-19.3197,4.74429,1800,10.0,0,306644,0,1,0,0,0,'',NULL,0,NULL),
	 (600681,0,0,1,0,0,1,1,1,9757.19,-53.2928,9.4664,1.41807,1800,0.0,0,306644,0,0,0,0,0,'',NULL,0,NULL),
	 (600682,0,0,1,0,0,1,1,1,9720.12,-229.972,-18.7267,3.49271,1800,10.0,0,167380,279900,1,0,0,0,'',NULL,0,NULL),
	 (600682,0,0,1,0,0,1,1,1,9652.97,-168.815,-19.5617,1.5794,1800,10.0,0,167380,279900,1,0,0,0,'',NULL,0,NULL),
	 (600682,0,0,1,0,0,1,1,1,9675.31,-129.322,-20.277,0.753091,1800,10.0,0,167380,279900,1,0,0,0,'',NULL,0,NULL),
	 (600682,0,0,1,0,0,1,1,1,9731.91,-136.1,-19.4957,3.7656,1800,0.0,0,167380,279900,0,0,0,0,'',NULL,0,NULL),
	 (600682,0,0,1,0,0,1,1,1,9752.83,-132.129,-19.4714,4.15147,1800,10.0,0,167380,279900,1,0,0,0,'',NULL,0,NULL),
	 (600682,0,0,1,0,0,1,1,1,9773.04,-178.922,-13.3727,5.38517,1800,0.0,0,167380,279900,0,0,0,0,'',NULL,0,NULL),
	 (600682,0,0,1,0,0,1,1,1,9738.14,-38.4565,15.285,6.15779,1800,0.0,0,167380,279900,0,0,0,0,'',NULL,0,NULL),
	 (600683,0,0,1,0,0,1,1,1,9709.88,-179.408,-20.1042,5.42738,1800,10.0,0,416160,0,1,0,0,0,'',NULL,0,NULL),
	 (600683,0,0,1,0,0,1,1,1,9741.87,-225.036,-18.1981,3.11619,1800,10.0,0,427028,0,1,0,0,0,'',NULL,0,NULL),
	 (600683,0,0,1,0,0,1,1,1,9647.98,-216.111,-13.6837,2.85183,1800,0.0,0,438064,0,0,0,0,0,'',NULL,0,NULL),
	 (600683,0,0,1,0,0,1,1,1,9656.83,-135.384,-17.8343,4.92402,1800,10.0,0,438064,0,1,0,0,0,'',NULL,0,NULL),
	 (600683,0,0,1,0,0,1,1,1,9700.93,-135.573,-20.656,5.15552,1800,0.0,0,427028,0,0,0,0,0,'',NULL,0,NULL),
	 (600683,0,0,1,0,0,1,1,1,9758.65,-190.94,-19.2768,4.54535,1800,10.0,0,416160,0,1,0,0,0,'',NULL,0,NULL),
	 (600683,0,0,1,0,0,1,1,1,9734.92,-154.988,-18.6663,3.44249,1800,13.0,0,427028,0,1,0,0,0,'',NULL,0,NULL),
	 (600683,0,0,1,0,0,1,1,1,9754.24,-39.5658,11.9143,0.774517,1800,0.0,0,438064,0,0,0,0,0,'',NULL,0,NULL),
	 (600683,0,0,1,0,0,1,1,1,9706.99,-191.911,-18.8827,2.21977,1800,6.0,0,438064,0,1,0,0,0,'',NULL,0,NULL),
	 (600684,0,0,1,0,0,1,1,1,9725.63,-45.9773,13.5417,3.46549,1800,4.0,0,196658,0,1,0,0,0,'',NULL,0,NULL),
	 (600684,0,0,1,0,0,1,1,1,9760.75,-34.5086,11.9596,3.50495,1800,0.0,0,196658,0,0,0,0,0,'',NULL,0,NULL),
	 (600684,0,0,1,0,0,1,1,1,9745.8,-33.9862,14.8503,3.10173,1800,10.0,0,196658,0,1,0,0,0,'',NULL,0,NULL),
	 (600684,0,0,1,0,0,1,1,1,9722.18,-33.0439,16.01,3.10173,1800,6.0,0,196658,0,1,0,0,0,'',NULL,0,NULL),
	 (600684,0,0,1,0,0,1,1,1,9695.39,-47.4049,13.6345,4.11914,1800,6.0,0,196658,0,1,0,0,0,'',NULL,0,NULL),
	 (600684,0,0,1,0,0,1,1,1,9691.32,-72.6115,9.60593,0.707919,1800,7.0,0,196658,0,1,0,0,0,'',NULL,0,NULL),
	 (600684,0,0,1,0,0,1,1,1,9721.77,-78.5098,8.37055,5.9777,1800,8.0,0,196658,0,1,0,0,0,'',NULL,0,NULL),
	 (600684,0,0,1,0,0,1,1,1,9687.5,-26.5993,17.6015,2.39959,1800,10.0,0,196658,0,1,0,0,0,'',NULL,0,NULL),
	 (600684,0,0,1,0,0,1,1,1,9735.6,6.85084,17.5806,0.332733,1800,10.0,0,196658,0,1,0,0,0,'',NULL,0,NULL),
	 (600684,0,0,1,0,0,1,1,1,9781.77,-43.8977,16.1254,5.00169,1800,10.0,0,196658,0,1,0,0,0,'',NULL,0,NULL),
	 (600685,0,0,1,0,0,1,1,1,9773.07,-20.2394,13.7954,4.13131,1800,10.0,0,251728,65325,1,0,0,0,'',NULL,0,NULL),
	 (600685,0,0,1,0,0,1,1,1,9773.75,-66.8845,6.6318,3.26462,1800,10.0,0,251728,65325,1,0,0,0,'',NULL,0,NULL),
	 (600685,0,0,1,0,0,1,1,1,9746.63,-79.4327,4.5011,3.74929,1800,10.0,0,251728,65325,1,0,0,0,'',NULL,0,NULL),
	 (600685,0,0,1,0,0,1,1,1,9711.05,-90.9418,4.60604,3.05634,1800,10.0,0,251728,65325,1,0,0,0,'',NULL,0,NULL),
	 (600685,0,0,1,0,0,1,1,1,9677.02,-81.3425,4.93029,3.10841,1800,10.0,0,251728,65325,1,0,0,0,'',NULL,0,NULL),
	 (600685,0,0,1,0,0,1,1,1,9650.48,-68.4506,3.53487,2.46752,1800,10.0,0,251728,65325,1,0,0,0,'',NULL,0,NULL),
	 (600685,0,0,1,0,0,1,1,1,9671.77,-46.6532,10.7009,0.586258,1800,10.0,0,251728,65325,1,0,0,0,'',NULL,0,NULL),
	 (600685,0,0,1,0,0,1,1,1,9726.99,-16.4661,19.4152,1.0509,1800,5.0,0,251728,65325,1,0,0,0,'',NULL,0,NULL),
	 (600685,0,0,1,0,0,1,1,1,9749.56,25.7192,26.3616,5.95618,1800,10.0,0,251728,65325,1,0,0,0,'',NULL,0,NULL),
	 (600685,0,0,1,0,0,1,1,1,9741.76,-54.2346,11.2766,2.98808,1800,10.0,0,251728,65325,1,0,0,0,'',NULL,0,NULL),
	 (600686,0,0,1,0,0,1,1,1,9717.8,-129.943,-20.6673,4.55284,1800,0.0,0,846260,0,0,0,0,0,'',NULL,0,NULL),
	 (600687,0,0,1,0,0,1,1,1,9703.34,-17.6931,16.5886,6.14492,1800,0.0,0,677484,0,0,0,0,0,'',NULL,0,NULL),
	 (600688,0,0,1,0,0,1,1,1,9715.95,-13.6397,18.7339,5.28534,1800,0.0,0,673200,0,0,0,0,0,'',NULL,0,NULL);


INSERT INTO smart_scripts (entryorguid,source_type,id,link,event_type,event_phase_mask,event_chance,event_flags,event_param1,event_param2,event_param3,event_param4,event_param5,event_param6,action_type,action_param1,action_param2,action_param3,action_param4,action_param5,action_param6,target_type,target_param1,target_param2,target_param3,target_param4,target_x,target_y,target_z,target_o,comment) VALUES
	 (600681,0,1,0,0,0,100,0,7300,13350,10900,21850,0,0,11,15655,0,0,0,0,0,2,0,0,0,0,0.0,0.0,0.0,0.0,'Felrage Defender - In Combat - Cast ''Shield Slam'''),
	 (600681,0,2,0,0,0,100,0,13000,17000,18200,29100,0,0,11,31554,0,0,0,0,0,1,0,0,0,0,0.0,0.0,0.0,0.0,'Felrage Defender - In Combat - Cast ''Spell Reflection'''),
	 (600682,0,1,0,0,0,100,0,9950,12150,23100,24300,0,0,11,15790,0,0,0,0,0,2,0,0,0,0,0.0,0.0,0.0,0.0,'Felrage Soothsayer - In Combat - Cast ''Arcane Missiles'''),
	 (600682,0,2,0,0,0,100,0,19400,27600,26500,42300,0,0,11,31555,0,0,0,0,0,5,0,0,0,0,0.0,0.0,0.0,0.0,'Felrage Soothsayer - In Combat - Cast ''Decayed Intellect'''),
	 (600682,0,3,0,0,0,100,0,20650,25500,23100,24300,0,0,11,30923,0,0,0,0,0,6,0,0,0,0,0.0,0.0,0.0,0.0,'Felrage Soothsayer - In Combat - Cast ''Domination'''),
	 (600683,0,1,0,0,0,100,0,6000,8000,9000,13000,0,0,11,40331,0,0,0,0,0,2,0,0,0,0,0.0,0.0,0.0,0.0,'Felrage Demon Hunter - In Combat - Cast ''Bomb'''),
	 (600683,0,2,0,0,0,100,0,11000,16000,5000,7000,0,0,11,6533,0,0,0,0,0,5,0,0,0,0,0.0,0.0,0.0,0.0,'Felrage Demon Hunter - In Combat - Cast ''Net'''),
	 (600684,0,0,0,4,0,100,1,0,0,0,0,0,0,11,32720,32,0,0,0,0,1,0,0,0,0,0.0,0.0,0.0,0.0,'Demon Hunter Supplicant - On Aggro - Cast ''Sprint'' (No Repeat)'),
	 (600684,0,1,0,2,0,100,1,20,80,0,0,0,0,11,37683,0,0,0,0,0,1,0,0,0,0,0.0,0.0,0.0,0.0,'Demon Hunter Supplicant - Between 20-80% Health - Cast ''Evasion'' (No Repeat)'),
	 (600685,0,0,0,4,0,100,1,0,0,0,0,0,0,11,36051,32,0,0,0,0,1,0,0,0,0,0.0,0.0,0.0,0.0,'Demon Hunter Initiate - On Aggro - Cast ''Fel Immolation'' (No Repeat)'),
	 (600685,0,1,0,0,0,100,0,5000,10000,15000,20000,0,0,11,35871,32,0,0,0,0,2,0,0,0,0,0.0,0.0,0.0,0.0,'Demon Hunter Initiate - In Combat - Cast ''Spellbreaker'''),
	 (600685,0,2,0,2,0,100,1,10,30,0,0,0,0,11,27565,32,0,0,0,0,2,0,0,0,0,0.0,0.0,0.0,0.0,'Demon Hunter Initiate - Between 10-30% Health - Cast ''Banish'' (No Repeat)'),
	 (600686,0,0,0,4,0,100,1,0,0,0,0,0,0,11,43107,0,0,0,0,0,2,0,0,0,0,0.0,0.0,0.0,0.0,'Prince Sshekj - On Aggro - Cast ''Spear Throw'' (No Repeat)'),
	 (600686,0,1,0,0,0,100,0,3800,5400,10900,13100,0,0,11,17687,0,0,0,0,0,1,0,0,0,0,0.0,0.0,0.0,0.0,'Prince Sshekj - In Combat - Cast ''Flurry'''),
	 (600687,0,0,0,0,0,100,0,5000,15000,25000,35000,0,0,11,39262,32,0,0,0,0,5,0,0,0,39262,0.0,0.0,0.0,0.0,'Lorthan - In Combat - Cast ''Mana Burn'''),
	 (600687,0,1,0,2,0,100,1,20,80,0,0,0,0,11,37683,32,0,0,0,0,1,0,0,0,0,0.0,0.0,0.0,0.0,'Lorthan - Between 20-80% Health - Cast ''Evasion'' (No Repeat)'),
	 (600687,0,2,0,0,0,100,0,10000,20000,30000,40000,0,0,11,39135,32,0,0,0,0,2,0,0,0,0,0.0,0.0,0.0,0.0,'Lorthan - In Combat - Cast ''Debilitating Strike'''),
	 (600687,0,3,0,2,0,100,1,45,50,0,0,0,0,11,36298,32,0,0,0,0,1,0,0,0,0,0.0,0.0,0.0,0.0,'Lorthan - Between 45-50% Health - Cast ''Metamorphosis'' (No Repeat)'),
	 (600688,0,0,0,0,0,100,0,5000,15000,25000,35000,0,0,11,39262,32,0,0,0,0,5,0,0,0,39262,0.0,0.0,0.0,0.0,'Axlenar - In Combat - Cast ''Mana Burn'''),
	 (600688,0,1,0,2,0,100,1,20,80,0,0,0,0,11,37683,32,0,0,0,0,1,0,0,0,0,0.0,0.0,0.0,0.0,'Axlenar - Between 20-80% Health - Cast ''Evasion'' (No Repeat)'),
	 (600688,0,2,0,2,0,100,1,45,50,0,0,0,0,11,36298,32,0,0,0,0,1,0,0,0,0,0.0,0.0,0.0,0.0,'Axlenar - Between 45-50% Health - Cast ''Metamorphosis'' (No Repeat)'),
	 (600688,0,3,0,0,0,100,0,25000,35000,55000,75000,0,0,11,39082,32,0,0,0,0,2,0,0,0,0,0.0,0.0,0.0,0.0,'Axlenar - In Combat - Cast ''Shadowfury''');
