INSERT INTO creature_template (entry,difficulty_entry_1,difficulty_entry_2,difficulty_entry_3,KillCredit1,KillCredit2,name,subname,IconName,gossip_menu_id,minlevel,maxlevel,`exp`,faction,npcflag,speed_walk,speed_run,speed_swim,speed_flight,detection_range,`scale`,`rank`,dmgschool,DamageModifier,BaseAttackTime,RangeAttackTime,BaseVariance,RangeVariance,unit_class,unit_flags,unit_flags2,dynamicflags,family,trainer_type,trainer_spell,trainer_class,trainer_race,`type`,type_flags,lootid,pickpocketloot,skinloot,PetSpellDataId,VehicleId,mingold,maxgold,AIName,MovementType,HoverHeight,HealthModifier,ManaModifier,ArmorModifier,ExperienceModifier,RacialLeader,movementId,RegenHealth,mechanic_immune_mask,spell_school_immune_mask,flags_extra,ScriptName,VerifiedBuild) VALUES
	 (600613,0,0,0,0,0,'Sandfury Axe Thrower','Delve',NULL,0,83,83,1,168,0,1.0,1.42857,1.0,1.0,20.0,1.0,1,0,27.0,2000,2000,1.0,1.0,1,32832,2048,0,0,0,0,0,0,7,72,23542,0,0,0,0,0,0,'SmartAI',0,1.0,28.4,1.0,1.0,1.0,0,144,1,0,0,0,'',12340),
	 (600614,0,0,0,0,0,'Sandfury Firecaller','Delve',NULL,0,83,83,0,168,0,1.0,1.14286,1.0,1.0,20.0,1.0,1,0,17.3,2000,2000,1.0,1.0,2,32768,2048,0,0,0,0,0,0,7,0,23596,0,0,0,0,232,878,'SmartAI',1,1.0,27.6,4.0,1.0,1.0,0,0,1,0,0,0,'',12340),
	 (600615,0,0,0,0,0,'Sandfury Shadowcaster','Delve',NULL,0,83,83,0,168,0,1.0,1.14286,1.0,1.0,20.0,1.0,1,0,25.53,2000,2000,1.0,1.0,2,32832,2048,0,0,0,0,0,0,7,8,23581,0,0,0,0,1155,2162,'SmartAI',1,1.0,30.0,6.0,1.15,1.0,0,0,1,0,0,0,'',12340),
	 (600616,0,0,0,0,0,'Sandfury Blood Drinker','Delve',NULL,0,83,83,0,168,0,1.0,1.14286,1.0,1.0,20.0,1.0,1,0,19.0,2000,2000,1.0,1.0,1,32832,2048,0,0,0,0,0,0,7,0,23582,0,0,0,0,209,1360,'SmartAI',1,1.0,36.0,4.0,1.1,1.0,0,0,1,0,0,0,'',12340),
	 (600617,0,0,0,0,0,'Sandfury Witch Doctor','Delve','',0,83,83,2,168,0,1.0,1.14286,1.0,1.0,20.0,1.0,1,0,23.45,1500,2000,1.0,1.0,2,32768,2048,0,0,0,0,0,0,7,0,23581,0,0,0,0,1178,1964,'SmartAI',0,1.0,38.0,12.0,1.1,1.0,0,0,1,0,0,0,'',12340),
	 (600618,0,0,0,0,0,'Sandfury Executioner','Delve',NULL,0,83,83,0,168,0,1.0,1.14286,1.0,1.0,20.0,1.0,1,0,18.75,2600,2000,1.0,1.0,1,32832,2048,0,0,0,0,0,0,7,0,23580,0,0,0,0,483,1191,'SmartAI',1,1.0,32.6,8.0,1.1,1.0,0,0,1,8388624,0,0,'',12340),
	 (600619,0,0,0,0,0,'Sandfury Plague Spreader','Delve','',0,83,83,2,168,0,0.66667,1.14286,1.0,1.0,20.0,1.0,1,0,18.35,2000,2000,1.0,1.0,1,0,2048,0,0,0,0,0,0,7,0,23597,0,0,0,0,0,0,'SmartAI',0,1.0,32.1,2.0,1.2,1.0,0,0,1,8388624,0,0,'',12340),
	 (600620,0,0,0,0,0,'Sandfury Shadowhunter','Delve Boss',NULL,0,83,83,0,168,0,1.0,1.14286,1.0,1.0,20.0,1.0,1,0,26.4,2000,2000,1.0,1.0,2,32832,2048,0,0,0,0,0,0,7,0,24059,0,0,0,0,208,1318,'SmartAI',1,1.0,28.35,8.0,1.1,1.0,0,0,1,0,0,0,'',12340),
	 (600621,0,0,0,0,0,'Souse''San Rhazon','Delve Boss',NULL,0,83,83,0,168,0,1.0,1.21429,1.0,1.0,20.0,1.0,3,0,65.0,1000,2000,1.0,1.0,1,32832,2048,0,0,0,0,0,0,6,108,600621,0,0,0,0,250000,300000,'',1,1.0,195.0,1.0,1.2,1.1,0,0,1,617299839,0,0,'',12340),
	 (600622,0,0,0,0,0,'Xan''tosh','Delve Boss',NULL,0,83,83,0,168,0,1.0,1.71429,1.0,1.0,20.0,1.0,3,0,35.0,2000,2000,1.0,1.0,2,64,2048,0,0,0,0,0,0,7,76,600622,0,0,0,0,1280454,1565000,'',1,1.0,115.0,2.0,1.1,2.0,0,0,1,1019953019,0,0,'',12340),
	 (600623,0,0,0,0,0,'Chief Runetusk','Delve Boss',NULL,0,84,84,0,168,0,1.6,1.14286,1.0,1.0,20.0,1.0,3,0,30.0,2000,2000,1.0,1.0,1,32832,2048,0,0,0,0,0,0,7,108,600623,0,0,0,0,399,1620,'',1,1.0,110.7,2.0,1.1,2.0,0,0,1,650854271,0,0,'',12340);


INSERT INTO creature_template_model (CreatureID,Idx,CreatureDisplayID,DisplayScale,Probability,VerifiedBuild) VALUES
	 (600613,0,22273,1.0,1.0,12340),
	 (600613,1,22274,1.0,1.0,12340),
	 (600614,0,6415,1.0,1.0,12340),
	 (600614,1,6416,1.0,1.0,12340),
	 (600615,0,11229,1.0,1.0,12340),
	 (600615,1,11231,1.0,1.0,12340),
	 (600615,2,11230,1.0,1.0,12340),
	 (600615,3,11232,1.0,1.0,12340),
	 (600616,0,6423,1.0,1.0,12340),
	 (600616,1,6424,1.0,1.0,12340),
	 (600617,0,24443,1.0,1.0,12340),
	 (600618,0,6440,1.0,1.0,12340),
	 (600619,0,7803,1.0,1.0,12340),
	 (600620,0,6425,1.0,1.0,12340),
	 (600620,1,6426,1.0,1.0,12340),
	 (600621,0,6690,1.0,1.0,12340),
	 (600622,0,7353,1.0,1.0,12340),
	 (600623,0,6439,1.0,1.0,12340);

INSERT INTO creature_template_spell (CreatureID,`Index`,Spell,VerifiedBuild) VALUES
	 (600616,0,11898,12340),
	 (600618,0,7160,12340),
	 (600618,1,15496,12340),
	 (600618,2,7366,12340),
	 (600619,0,52230,0),
	 (600620,0,15547,12340),
	 (600620,1,11641,12340),
	 (600620,2,18395,12340),
	 (600621,0,11837,12340),
	 (600621,1,15496,12340),
	 (600621,2,34409,12340),
	 (600621,3,7366,12340),
	 (600623,0,11837,12340),
	 (600623,1,15496,12340),
	 (600623,2,34409,12340),
	 (600623,3,7366,12340);

	 INSERT INTO creature_equip_template (CreatureID,ID,ItemID1,ItemID2,ItemID3,VerifiedBuild) VALUES
	 (600613,1,33981,0,28972,18019),
	 (600614,1,5276,0,0,18019),
	 (600615,1,13705,0,0,18019),
	 (600616,1,4991,0,0,18019),
	 (600618,1,5288,0,0,18019),
	 (600620,1,2179,0,5258,18019),
	 (600621,1,5300,0,0,18019),
	 (600622,1,2182,0,0,18019),
	 (600623,1,11542,0,0,18019);

INSERT INTO creature_loot_template (Entry,Item,Reference,Chance,QuestRequired,LootMode,GroupId,MinCount,MaxCount,Comment) VALUES
	 (600613,21877,0,16.705,0,1,0,2,3,'Amani''shi Axe Thrower - Netherweave Cloth'),
	 (600613,22903,0,0.2,0,1,0,1,1,'Amani''shi Axe Thrower - Recipe: Insane Strength Potion'),
	 (600613,23107,0,0.116,0,1,0,1,1,'Amani''shi Axe Thrower - Shadow Draenite'),
	 (600613,23112,0,0.116,0,1,0,1,1,'Amani''shi Axe Thrower - Golden Draenite'),
	 (600613,23117,0,0.058,0,1,0,1,1,'Amani''shi Axe Thrower - Azure Moonstone'),
	 (600613,23884,0,0.2,0,1,0,1,1,'Amani''shi Axe Thrower - Schematic: Mana Potion Injector'),
	 (600613,24001,24001,5.0,0,1,1,1,1,'Amani''shi Axe Thrower - (ReferenceTable)'),
	 (600613,24002,24002,5.0,0,1,1,1,1,'Amani''shi Axe Thrower - (ReferenceTable)'),
	 (600613,24011,24011,1.0,0,1,1,1,1,'Amani''shi Axe Thrower - (ReferenceTable)'),
	 (600613,24013,24013,1.0,0,1,1,1,1,'Amani''shi Axe Thrower - (ReferenceTable)'),
	 (600613,24014,24014,0.5,0,1,1,1,1,'Amani''shi Axe Thrower - (ReferenceTable)'),
	 (600613,24015,24015,0.1,0,1,1,1,1,'Amani''shi Axe Thrower - (ReferenceTable)'),
	 (600613,24035,24035,2.0,0,1,1,1,1,'Amani''shi Axe Thrower - (ReferenceTable)'),
	 (600613,27854,0,3.551,0,1,0,1,1,'Amani''shi Axe Thrower - Smoked Talbuk Venison'),
	 (600613,27860,0,1.455,0,1,0,1,1,'Amani''shi Axe Thrower - Purified Draenic Water'),
	 (600613,29549,0,0.116,0,1,0,1,1,'Amani''shi Axe Thrower - Codex: Prayer of Fortitude III'),
	 (600613,31837,0,0.058,0,1,0,1,1,'Amani''shi Axe Thrower - Codex: Prayer of Shadow Protection II'),
	 (600613,31884,0,0.058,0,1,0,1,1,'Amani''shi Axe Thrower - Five of Blessings'),
	 (600613,31887,0,0.058,0,1,0,1,1,'Amani''shi Axe Thrower - Six of Blessings'),
	 (600613,31896,0,0.058,0,1,0,1,1,'Amani''shi Axe Thrower - Seven of Storms'),
	 (600613,31903,0,0.058,0,1,0,1,1,'Amani''shi Axe Thrower - Five of Furies'),
	 (600613,31912,0,0.058,0,1,0,1,1,'Amani''shi Axe Thrower - Five of Lunacy'),
	 (600613,33106,0,30.0,1,1,0,1,2,'Amani''shi Axe Thrower - Forest Troll Tusk'),
	 (600613,33865,0,31.315,0,1,0,1,1,'Amani''shi Axe Thrower - Amani Hex Stick'),
	 (600614,1,1004150,6.0,0,1,0,1,1,'World Drop - Grey World Drop - NPC Levels: 41-50'),
	 (600614,2,1024344,2.0,0,1,0,1,1,'World Drop - Green World Drop - NPC Levels: 43-44'),
	 (600614,3,1034344,0.1,0,1,0,1,1,'World Drop - Blue World Drop - NPC Levels: 43-44'),
	 (600614,4,1044344,0.01,0,1,0,1,1,'World Drop - Purple World Drop - NPC Levels: 43-44'),
	 (600614,5,1054162,0.1,0,1,0,1,1,'World Drop - 14 Slot Bag - NPC Levels: 41-62'),
	 (600614,6,1064049,3.0,0,1,0,1,1,'World Drop - Potions IV - NPC Levels 40-49'),
	 (600614,7,1073545,1.0,0,1,0,1,1,'World Drop - Scrolls III - NPC Levels 35-45'),
	 (600614,8,1080005,0.3,0,1,0,1,1,'World Drop - Profession Recipes - NPC Levels ~45'),
	 (600614,9,1080021,1.5,0,1,0,1,1,'World Drop - Gems - NPC Levels: 41-45'),
	 (600614,1520,0,30.1064,0,1,0,1,1,'Sandfury Firecaller - Troll Sweat'),
	 (600614,1645,0,2.3741,0,1,0,1,1,'Sandfury Firecaller - Moonberry Juice'),
	 (600614,3927,0,0.02,0,1,0,1,1,'Sandfury Firecaller - Fine Aged Cheddar'),
	 (600614,4306,0,15.002,0,1,0,1,4,'Sandfury Firecaller - Silk Cloth'),
	 (600614,4338,0,18.9112,0,1,0,1,4,'Sandfury Firecaller - Mageweave Cloth'),
	 (600614,4599,0,4.4413,0,1,0,1,1,'Sandfury Firecaller - Cured Ham Steak'),
	 (600614,4601,0,0.02,0,1,0,1,1,'Sandfury Firecaller - Soft Banana Bread'),
	 (600614,4602,0,0.02,0,1,0,1,1,'Sandfury Firecaller - Moon Harvest Pumpkin'),
	 (600614,4637,0,0.3479,0,1,0,1,1,'Sandfury Firecaller - Steel Lockbox'),
	 (600614,8151,0,10.9701,0,1,0,1,1,'Sandfury Firecaller - Flask of Mojo'),
	 (600614,8623,0,0.5,0,1,0,1,1,'Sandfury Firecaller - OOX-17/TN Distress Beacon'),
	 (600615,5760,0,0.3918,0,1,0,1,1,'Hakkari Shadowcaster - Eternium Lockbox'),
	 (600615,7909,0,0.3918,0,1,0,1,1,'Hakkari Shadowcaster - Aquamarine'),
	 (600615,7910,0,0.2351,0,1,0,1,1,'Hakkari Shadowcaster - Star Ruby'),
	 (600615,8766,0,1.4107,0,1,0,1,1,'Hakkari Shadowcaster - Morning Glory Dew'),
	 (600615,8952,0,2.9781,0,1,0,1,1,'Hakkari Shadowcaster - Roasted Quail'),
	 (600615,10305,0,0.2,0,1,0,1,1,'Hakkari Shadowcaster - Scroll of Protection IV'),
	 (600615,10306,0,0.26,0,1,0,1,1,'Hakkari Shadowcaster - Scroll of Spirit IV'),
	 (600615,10307,0,0.18,0,1,0,1,1,'Hakkari Shadowcaster - Scroll of Stamina IV'),
	 (600615,10308,0,0.26,0,1,0,1,1,'Hakkari Shadowcaster - Scroll of Intellect IV'),
	 (600615,10309,0,0.1,0,1,0,1,1,'Hakkari Shadowcaster - Scroll of Agility IV'),
	 (600615,10310,0,0.08,0,1,0,1,1,'Hakkari Shadowcaster - Scroll of Strength IV'),
	 (600615,12697,0,0.1,0,1,0,1,1,'Hakkari Shadowcaster - Plans: Radiant Boots'),
	 (600615,12704,0,0.06,0,1,0,1,1,'Hakkari Shadowcaster - Plans: Thorium Leggings'),
	 (600615,12713,0,0.24,0,1,0,1,1,'Hakkari Shadowcaster - Plans: Radiant Leggings'),
	 (600615,12804,0,6.1912,0,1,0,1,1,'Hakkari Shadowcaster - Powerful Mojo'),
	 (600615,13444,0,0.84,0,1,0,1,1,'Hakkari Shadowcaster - Major Mana Potion'),
	 (600615,13446,0,1.36,0,1,0,1,1,'Hakkari Shadowcaster - Major Healing Potion'),
	 (600615,13492,0,0.04,0,1,0,1,1,'Hakkari Shadowcaster - Recipe: Purification Potion'),
	 (600615,14047,0,18.3386,0,1,0,2,5,'Hakkari Shadowcaster - Runecloth'),
	 (600615,14491,0,0.04,0,1,0,1,1,'Hakkari Shadowcaster - Pattern: Runecloth Pants'),
	 (600615,14504,0,0.18,0,1,0,1,1,'Hakkari Shadowcaster - Pattern: Runecloth Shoulders'),
	 (600615,14506,0,0.16,0,1,0,1,1,'Hakkari Shadowcaster - Pattern: Felcloth Robe'),
	 (600615,14508,0,0.16,0,1,0,1,1,'Hakkari Shadowcaster - Pattern: Felcloth Shoulders'),
	 (600615,15743,0,0.06,0,1,0,1,1,'Hakkari Shadowcaster - Pattern: Heavy Scorpid Belt'),
	 (600615,15746,0,0.04,0,1,0,1,1,'Hakkari Shadowcaster - Pattern: Chimeric Leggings'),
	 (600615,15755,0,0.03,0,1,0,1,1,'Hakkari Shadowcaster - Pattern: Chimeric Vest'),
	 (600615,15765,0,0.12,0,1,0,1,1,'Hakkari Shadowcaster - Pattern: Runic Leather Pants'),
	 (600615,16051,0,0.02,0,1,0,1,1,'Hakkari Shadowcaster - Schematic: Thorium Shells'),
	 (600615,16251,0,0.12,0,1,0,1,1,'Hakkari Shadowcaster - Formula: Enchant Bracer - Superior Stamina'),
	 (600615,18335,0,0.0784,0,1,0,1,1,'Hakkari Shadowcaster - Pristine Black Diamond'),
	 (600615,19233,0,0.12,0,1,0,1,1,'Hakkari Shadowcaster - Five of Beasts'),
	 (600615,19234,0,0.06,0,1,0,1,1,'Hakkari Shadowcaster - Six of Beasts'),
	 (600615,19235,0,0.14,0,1,0,1,1,'Hakkari Shadowcaster - Seven of Beasts'),
	 (600615,19236,0,0.1,0,1,0,1,1,'Hakkari Shadowcaster - Eight of Beasts'),
	 (600615,19262,0,0.0784,0,1,0,1,1,'Hakkari Shadowcaster - Five of Warlords'),
	 (600615,19263,0,0.08,0,1,0,1,1,'Hakkari Shadowcaster - Six of Warlords'),
	 (600615,19264,0,0.02,0,1,0,1,1,'Hakkari Shadowcaster - Seven of Warlords'),
	 (600615,19265,0,0.0784,0,1,0,1,1,'Hakkari Shadowcaster - Eight of Warlords'),
	 (600615,19273,0,0.08,0,1,0,1,1,'Hakkari Shadowcaster - Six of Elementals'),
	 (600615,19274,0,0.06,0,1,0,1,1,'Hakkari Shadowcaster - Seven of Elementals'),
	 (600615,19275,0,0.14,0,1,0,1,1,'Hakkari Shadowcaster - Eight of Elementals'),
	 (600615,19281,0,0.06,0,1,0,1,1,'Hakkari Shadowcaster - Five of Portals'),
	 (600615,19282,0,0.04,0,1,0,1,1,'Hakkari Shadowcaster - Six of Portals'),
	 (600615,19283,0,0.1,0,1,0,1,1,'Hakkari Shadowcaster - Seven of Portals'),
	 (600615,19284,0,0.08,0,1,0,1,1,'Hakkari Shadowcaster - Eight of Portals'),
	 (600615,19698,0,5.0,0,1,0,1,1,'Hakkari Shadowcaster - Zulian Coin'),
	 (600615,19699,0,5.0,0,1,0,1,1,'Hakkari Shadowcaster - Razzashi Coin'),
	 (600615,19700,0,5.0,0,1,0,1,1,'Hakkari Shadowcaster - Hakkari Coin'),
	 (600615,19701,0,5.0,0,1,0,1,1,'Hakkari Shadowcaster - Gurubashi Coin'),
	 (600615,19702,0,5.0,0,1,0,1,1,'Hakkari Shadowcaster - Vilebranch Coin'),
	 (600615,19703,0,5.0,0,1,0,1,1,'Hakkari Shadowcaster - Witherbark Coin'),
	 (600615,19704,0,5.0,0,1,0,1,1,'Hakkari Shadowcaster - Sandfury Coin'),
	 (600615,19705,0,5.0,0,1,0,1,1,'Hakkari Shadowcaster - Skullsplitter Coin'),
	 (600615,19706,0,5.0,0,1,0,1,1,'Hakkari Shadowcaster - Bloodscalp Coin'),
	 (600615,19707,0,2.0,0,1,0,1,1,'Hakkari Shadowcaster - Red Hakkari Bijou'),
	 (600615,19708,0,2.0,0,1,0,1,1,'Hakkari Shadowcaster - Blue Hakkari Bijou'),
	 (600615,19709,0,2.0,0,1,0,1,1,'Hakkari Shadowcaster - Yellow Hakkari Bijou'),
	 (600615,19710,0,2.0,0,1,0,1,1,'Hakkari Shadowcaster - Orange Hakkari Bijou'),
	 (600615,19711,0,2.0,0,1,0,1,1,'Hakkari Shadowcaster - Green Hakkari Bijou'),
	 (600615,19712,0,2.0,0,1,0,1,1,'Hakkari Shadowcaster - Purple Hakkari Bijou'),
	 (600615,19713,0,2.0,0,1,0,1,1,'Hakkari Shadowcaster - Bronze Hakkari Bijou'),
	 (600615,19714,0,2.0,0,1,0,1,1,'Hakkari Shadowcaster - Silver Hakkari Bijou'),
	 (600615,19715,0,2.0,0,1,0,1,1,'Hakkari Shadowcaster - Gold Hakkari Bijou'),
	 (600615,19726,0,1.3323,0,1,0,1,1,'Hakkari Shadowcaster - Bloodvine'),
	 (600615,19727,0,0.12,0,1,0,1,1,'Hakkari Shadowcaster - Blood Scythe'),
	 (600615,19908,0,0.04,0,1,0,1,1,'Hakkari Shadowcaster - Sceptre of Smiting'),
	 (600615,20258,0,0.06,0,1,0,1,1,'Hakkari Shadowcaster - Zulian Ceremonial Staff'),
	 (600615,24016,24016,1.0,0,1,1,1,1,'Hakkari Shadowcaster - (ReferenceTable)'),
	 (600615,24017,24017,0.5,0,1,1,1,1,'Hakkari Shadowcaster - (ReferenceTable)'),
	 (600615,24018,24018,1.0,0,1,1,1,1,'Hakkari Shadowcaster - (ReferenceTable)'),
	 (600615,24019,24019,0.5,0,1,1,1,1,'Hakkari Shadowcaster - (ReferenceTable)'),
	 (600615,24020,24020,1.0,0,1,1,1,1,'Hakkari Shadowcaster - (ReferenceTable)'),
	 (600615,24031,24031,1.0,0,1,1,1,1,'Hakkari Shadowcaster - (ReferenceTable)'),
	 (600615,24033,24033,1.0,0,1,1,1,1,'Hakkari Shadowcaster - (ReferenceTable)'),
	 (600615,24034,24034,0.5,0,1,1,1,1,'Hakkari Shadowcaster - (ReferenceTable)'),
	 (600615,24088,24088,0.1,0,1,1,1,1,'Hakkari Shadowcaster - (ReferenceTable)'),
	 (600615,24089,24089,0.1,0,1,1,1,1,'Hakkari Shadowcaster - (ReferenceTable)'),
	 (600616,1520,0,29.9253,0,1,0,1,1,'Sandfury Blood Drinker - Troll Sweat'),
	 (600616,1645,0,2.0957,0,1,0,1,1,'Sandfury Blood Drinker - Moonberry Juice'),
	 (600616,1685,0,0.02,0,1,0,1,1,'Sandfury Blood Drinker - Troll-hide Bag'),
	 (600616,3395,0,0.02,0,1,0,1,1,'Sandfury Blood Drinker - Recipe: Limited Invulnerability Potion'),
	 (600616,3831,0,0.02,0,1,0,1,1,'Sandfury Blood Drinker - Recipe: Major Troll''s Blood Elixir'),
	 (600616,3832,0,0.02,0,1,0,1,1,'Sandfury Blood Drinker - Recipe: Elixir of Detect Lesser Invisibility'),
	 (600616,3864,0,0.1054,0,1,0,1,1,'Sandfury Blood Drinker - Citrine'),
	 (600616,3868,0,0.02,0,1,0,1,1,'Sandfury Blood Drinker - Plans: Frost Tiger Blade'),
	 (600616,3869,0,0.02,0,1,0,1,1,'Sandfury Blood Drinker - Plans: Shadow Crescent Axe'),
	 (600616,3873,0,0.02,0,1,0,1,1,'Sandfury Blood Drinker - Plans: Golden Scale Cuirass'),
	 (600616,3874,0,0.02,0,1,0,1,1,'Sandfury Blood Drinker - Plans: Polished Steel Boots'),
	 (600616,3914,0,0.14,0,1,0,1,1,'Sandfury Blood Drinker - Journeyman''s Backpack'),
	 (600616,3928,0,1.2143,0,1,0,1,1,'Sandfury Blood Drinker - Superior Healing Potion'),
	 (600616,4300,0,0.02,0,1,0,1,1,'Sandfury Blood Drinker - Pattern: Guardian Leather Bracers'),
	 (600616,4306,0,13.1356,0,1,0,1,4,'Sandfury Blood Drinker - Silk Cloth'),
	 (600616,4338,0,16.7619,0,1,0,1,4,'Sandfury Blood Drinker - Mageweave Cloth'),
	 (600616,4353,0,0.02,0,1,0,1,1,'Sandfury Blood Drinker - Pattern: Spider Belt'),
	 (600616,4415,0,0.02,0,1,0,1,1,'Sandfury Blood Drinker - Schematic: Craftsman''s Monocle'),
	 (600616,4416,0,0.05,0,1,0,1,1,'Sandfury Blood Drinker - Schematic: Goblin Land Mine'),
	 (600616,4417,0,0.02,0,1,0,1,1,'Sandfury Blood Drinker - Schematic: Large Seaforium Charge'),
	 (600616,4419,0,0.28,0,1,0,1,1,'Sandfury Blood Drinker - Scroll of Intellect III'),
	 (600616,4421,0,0.36,0,1,0,1,1,'Sandfury Blood Drinker - Scroll of Protection III'),
	 (600616,4422,0,0.26,0,1,0,1,1,'Sandfury Blood Drinker - Scroll of Stamina III'),
	 (600616,4424,0,0.42,0,1,0,1,1,'Sandfury Blood Drinker - Scroll of Spirit III'),
	 (600616,4599,0,4.5066,0,1,0,1,1,'Sandfury Blood Drinker - Cured Ham Steak'),
	 (600616,4637,0,0.3585,0,1,0,1,1,'Sandfury Blood Drinker - Steel Lockbox'),
	 (600616,5974,0,0.02,0,1,0,1,1,'Sandfury Blood Drinker - Pattern: Guardian Cloak'),
	 (600616,6149,0,1.12,0,1,0,1,1,'Sandfury Blood Drinker - Greater Mana Potion'),
	 (600616,7084,0,0.02,0,1,0,1,1,'Sandfury Blood Drinker - Pattern: Crimson Silk Shoulders'),
	 (600616,7085,0,0.02,0,1,0,1,1,'Sandfury Blood Drinker - Pattern: Azure Shoulders'),
	 (600616,7086,0,0.02,0,1,0,1,1,'Sandfury Blood Drinker - Pattern: Earthen Silk Belt'),
	 (600616,7452,0,0.02,0,1,0,1,1,'Sandfury Blood Drinker - Pattern: Dusky Boots'),
	 (600616,7453,0,0.02,0,1,0,1,1,'Sandfury Blood Drinker - Pattern: Swift Boots'),
	 (600616,7909,0,0.3097,0,1,0,1,1,'Sandfury Blood Drinker - Aquamarine'),
	 (600616,7910,0,0.1066,0,1,0,1,1,'Sandfury Blood Drinker - Star Ruby'),
	 (600616,7975,0,0.05,0,1,0,1,1,'Sandfury Blood Drinker - Plans: Heavy Mithril Pants'),
	 (600616,7976,0,0.02,0,1,0,1,1,'Sandfury Blood Drinker - Plans: Mithril Shield Spike'),
	 (600616,7989,0,0.02,0,1,0,1,1,'Sandfury Blood Drinker - Plans: Mithril Spurs'),
	 (600616,7990,0,0.02,0,1,0,1,1,'Sandfury Blood Drinker - Plans: Heavy Mithril Helm'),
	 (600616,7991,0,0.02,0,1,0,1,1,'Sandfury Blood Drinker - Plans: Mithril Scale Shoulders'),
	 (600616,7992,0,0.05,0,1,0,1,1,'Sandfury Blood Drinker - Plans: Blue Glittering Axe'),
	 (600616,7993,0,0.02,0,1,0,1,1,'Sandfury Blood Drinker - Plans: Dazzling Mithril Rapier'),
	 (600616,8029,0,0.13,0,1,0,1,1,'Sandfury Blood Drinker - Plans: Wicked Mithril Blade'),
	 (600616,8151,0,9.2617,0,1,0,1,1,'Sandfury Blood Drinker - Flask of Mojo'),
	 (600616,8385,0,0.02,0,1,0,1,1,'Sandfury Blood Drinker - Pattern: Turtle Scale Gloves'),
	 (600616,8386,0,0.02,0,1,0,1,1,'Sandfury Blood Drinker - Pattern: Big Voodoo Robe'),
	 (600616,8387,0,0.05,0,1,0,1,1,'Sandfury Blood Drinker - Pattern: Big Voodoo Mask'),
	 (600616,8389,0,0.02,0,1,0,1,1,'Sandfury Blood Drinker - Pattern: Big Voodoo Pants'),
	 (600616,8390,0,0.02,0,1,0,1,1,'Sandfury Blood Drinker - Pattern: Big Voodoo Cloak'),
	 (600616,8623,0,0.8,0,1,0,1,1,'Sandfury Blood Drinker - OOX-17/TN Distress Beacon'),
	 (600616,9242,0,1.7937,0,1,0,1,1,'Sandfury Blood Drinker - Ancient Tablet'),
	 (600616,9243,0,0.7892,0,1,0,1,1,'Sandfury Blood Drinker - Shriveled Heart'),
	 (600616,9293,0,0.05,0,1,0,1,1,'Sandfury Blood Drinker - Recipe: Magic Resistance Potion'),
	 (600616,9295,0,0.02,0,1,0,1,1,'Sandfury Blood Drinker - Recipe: Invisibility Potion'),
	 (600616,9297,0,0.02,0,1,0,1,1,'Sandfury Blood Drinker - Recipe: Elixir of Dream Vision'),
	 (600616,9298,0,0.02,0,1,0,1,1,'Sandfury Blood Drinker - Recipe: Elixir of Giants'),
	 (600616,9332,0,0.02,0,1,0,1,1,'Sandfury Blood Drinker - Crusted Bandages'),
	 (600616,9333,0,0.02,0,1,0,1,1,'Sandfury Blood Drinker - Tarnished Silver Necklace'),
	 (600616,9334,0,0.02,0,1,0,1,1,'Sandfury Blood Drinker - Cracked Pottery'),
	 (600616,9335,0,0.02,0,1,0,1,1,'Sandfury Blood Drinker - Broken Obsidian Club'),
	 (600616,9336,0,0.02,0,1,0,1,1,'Sandfury Blood Drinker - Gold-capped Troll Tusk'),
	 (600616,9357,0,0.02,0,1,0,1,1,'Sandfury Blood Drinker - A Parrot Skeleton'),
	 (600616,9523,0,55.0,1,1,0,1,1,'Sandfury Blood Drinker - Troll Temper'),
	 (600616,10300,0,0.04,0,1,0,1,1,'Sandfury Blood Drinker - Pattern: Red Mageweave Vest'),
	 (600616,10301,0,0.05,0,1,0,1,1,'Sandfury Blood Drinker - Pattern: White Bandit Mask'),
	 (600616,10302,0,0.05,0,1,0,1,1,'Sandfury Blood Drinker - Pattern: Red Mageweave Pants'),
	 (600616,10312,0,0.04,0,1,0,1,1,'Sandfury Blood Drinker - Pattern: Red Mageweave Gloves'),
	 (600616,10315,0,0.02,0,1,0,1,1,'Sandfury Blood Drinker - Pattern: Red Mageweave Shoulders'),
	 (600616,10320,0,0.02,0,1,0,1,1,'Sandfury Blood Drinker - Pattern: Red Mageweave Headband'),
	 (600616,10603,0,0.05,0,1,0,1,1,'Sandfury Blood Drinker - Schematic: Catseye Ultra Goggles'),
	 (600616,10604,0,0.04,0,1,0,1,1,'Sandfury Blood Drinker - Schematic: Mithril Heavy-bore Rifle'),
	 (600616,10605,0,0.05,0,1,0,1,1,'Sandfury Blood Drinker - Schematic: Spellpower Goggles Xtreme'),
	 (600616,10606,0,0.05,0,1,0,1,1,'Sandfury Blood Drinker - Schematic: Parachute Cloak'),
	 (600616,10608,0,0.02,0,1,0,1,1,'Sandfury Blood Drinker - Schematic: Sniper Scope'),
	 (600616,11167,0,0.02,0,1,0,1,1,'Sandfury Blood Drinker - Formula: Enchant Boots - Lesser Spirit'),
	 (600616,11168,0,0.02,0,1,0,1,1,'Sandfury Blood Drinker - Formula: Enchant Shield - Lesser Block'),
	 (600616,11202,0,0.02,0,1,0,1,1,'Sandfury Blood Drinker - Formula: Enchant Shield - Stamina'),
	 (600616,11204,0,0.04,0,1,0,1,1,'Sandfury Blood Drinker - Formula: Enchant Bracer - Greater Spirit'),
	 (600616,11208,0,0.02,0,1,0,1,1,'Sandfury Blood Drinker - Formula: Enchant Weapon - Demonslaying'),
	 (600616,11225,0,0.02,0,1,0,1,1,'Sandfury Blood Drinker - Formula: Enchant Bracer - Greater Stamina'),
	 (600616,13068,0,0.02,0,1,0,1,1,'Sandfury Blood Drinker - Obsidian Greaves'),
	 (600616,20976,0,0.08,0,1,0,1,1,'Sandfury Blood Drinker - Design: Citrine Pendant of Golden Healing'),
	 (600616,24036,24036,5.0,0,1,1,1,1,'Sandfury Blood Drinker - (ReferenceTable)'),
	 (600616,24037,24037,1.0,0,1,1,1,1,'Sandfury Blood Drinker - (ReferenceTable)'),
	 (600616,24039,24039,1.0,0,1,1,1,1,'Sandfury Blood Drinker - (ReferenceTable)'),
	 (600616,24040,24040,0.5,0,1,1,1,1,'Sandfury Blood Drinker - (ReferenceTable)'),
	 (600616,24041,24041,1.0,0,1,1,1,1,'Sandfury Blood Drinker - (ReferenceTable)'),
	 (600616,24042,24042,0.5,0,1,1,1,1,'Sandfury Blood Drinker - (ReferenceTable)'),
	 (600616,24043,24043,1.0,0,1,1,1,1,'Sandfury Blood Drinker - (ReferenceTable)'),
	 (600616,24044,24044,0.5,0,1,1,1,1,'Sandfury Blood Drinker - (ReferenceTable)'),
	 (600616,24045,24045,1.0,0,1,1,1,1,'Sandfury Blood Drinker - (ReferenceTable)'),
	 (600616,24046,24046,0.5,0,1,1,1,1,'Sandfury Blood Drinker - (ReferenceTable)'),
	 (600616,24080,24080,0.1,0,1,1,1,1,'Sandfury Blood Drinker - (ReferenceTable)'),
	 (600616,24081,24081,0.1,0,1,1,1,1,'Sandfury Blood Drinker - (ReferenceTable)'),
	 (600616,24082,24082,0.1,0,1,1,1,1,'Sandfury Blood Drinker - (ReferenceTable)'),
	 (600616,24083,24083,0.1,0,1,1,1,1,'Sandfury Blood Drinker - (ReferenceTable)'),
	 (600617,24727,24727,1.5,0,1,0,1,1,'Drakkari Witch Doctor - (ReferenceTable)'),
	 (600617,26000,26000,3.0,0,1,1,1,1,'Drakkari Witch Doctor - (ReferenceTable)'),
	 (600617,26001,26001,3.0,0,1,1,1,1,'Drakkari Witch Doctor - (ReferenceTable)'),
	 (600617,26006,26006,1.0,0,1,1,1,1,'Drakkari Witch Doctor - (ReferenceTable)'),
	 (600617,26007,26007,1.0,0,1,1,1,1,'Drakkari Witch Doctor - (ReferenceTable)'),
	 (600617,26008,26008,1.0,0,1,1,1,1,'Drakkari Witch Doctor - (ReferenceTable)'),
	 (600617,26040,26040,29.3,0,1,0,1,1,'Drakkari Witch Doctor - (ReferenceTable)'),
	 (600617,33358,0,0.2,0,1,0,1,1,'Drakkari Witch Doctor - Thread-Bare Cloth Belt'),
	 (600617,33359,0,0.1,0,1,0,1,1,'Drakkari Witch Doctor - Thread-Bare Cloth Boots'),
	 (600617,33361,0,0.1,0,1,0,1,1,'Drakkari Witch Doctor - Thread-Bare Cloth Gloves'),
	 (600617,33362,0,0.1,0,1,0,1,1,'Drakkari Witch Doctor - Thread-Bare Cloth Pants'),
	 (600617,33363,0,0.3,0,1,0,1,1,'Drakkari Witch Doctor - Thread-Bare Cloth Shoulderpads'),
	 (600617,33364,0,0.1,0,1,0,1,1,'Drakkari Witch Doctor - Thread-Bare Cloth Vest'),
	 (600617,33372,0,0.2,0,1,0,1,1,'Drakkari Witch Doctor - Fur-Lined Armor'),
	 (600617,33373,0,0.1,0,1,0,1,1,'Drakkari Witch Doctor - Fur-Lined Belt'),
	 (600617,33374,0,0.2,0,1,0,1,1,'Drakkari Witch Doctor - Fur-Lined Boots'),
	 (600617,33375,0,0.1,0,1,0,1,1,'Drakkari Witch Doctor - Fur-Lined Bracers'),
	 (600617,33376,0,0.1,0,1,0,1,1,'Drakkari Witch Doctor - Fur-Lined Gloves'),
	 (600617,33377,0,0.5,0,1,0,1,1,'Drakkari Witch Doctor - Fur-Lined Pants'),
	 (600617,33378,0,0.3,0,1,0,1,1,'Drakkari Witch Doctor - Fur-Lined Shoulderpads'),
	 (600617,33390,0,0.3,0,1,0,1,1,'Drakkari Witch Doctor - Icy Mail Armor'),
	 (600617,33392,0,0.1,0,1,0,1,1,'Drakkari Witch Doctor - Icy Mail Boots'),
	 (600617,33404,0,0.1,0,1,0,1,1,'Drakkari Witch Doctor - Ice-Bound Plate Belt'),
	 (600617,33405,0,0.1,0,1,0,1,1,'Drakkari Witch Doctor - Ice-Bound Plate Boots'),
	 (600617,33406,0,0.2,0,1,0,1,1,'Drakkari Witch Doctor - Ice-Bound Plate Bracers'),
	 (600617,33408,0,0.1,0,1,0,1,1,'Drakkari Witch Doctor - Ice-Bound Plate Gloves'),
	 (600617,33409,0,0.2,0,1,0,1,1,'Drakkari Witch Doctor - Ice-Bound Plate Pants'),
	 (600617,33410,0,0.3,0,1,0,1,1,'Drakkari Witch Doctor - Ice-Bound Plate Shoulderpads'),
	 (600617,33422,0,0.2,0,1,0,1,1,'Drakkari Witch Doctor - Shattered Bow'),
	 (600617,33423,0,0.1,0,1,0,1,1,'Drakkari Witch Doctor - Rime-Covered Mace'),
	 (600617,33426,0,0.3,0,1,0,1,1,'Drakkari Witch Doctor - Chipped Timber Axe'),
	 (600617,33430,0,0.2,0,1,0,1,1,'Drakkari Witch Doctor - Abandoned Greatsword'),
	 (600617,33431,0,0.3,0,1,0,1,1,'Drakkari Witch Doctor - Icesmashing Mace'),
	 (600617,33437,0,0.1,0,1,0,1,1,'Drakkari Witch Doctor - Icy Mail Circlet'),
	 (600617,33438,0,0.1,0,1,0,1,1,'Drakkari Witch Doctor - Thread-Bare Hat'),
	 (600617,33439,0,0.1,0,1,0,1,1,'Drakkari Witch Doctor - Fur-Lined Leather Helmet'),
	 (600617,33440,0,0.3,0,1,0,1,1,'Drakkari Witch Doctor - Ice-Bound Plate Helmet'),
	 (600617,33444,0,4.7,0,1,0,1,1,'Drakkari Witch Doctor - Pungent Seal Whey'),
	 (600617,33454,0,5.5,0,1,0,1,1,'Drakkari Witch Doctor - Salted Venison'),
	 (600617,33459,0,0.1,0,1,0,1,1,'Drakkari Witch Doctor - Scroll of Protection VI'),
	 (600617,33462,0,0.1,0,1,0,1,1,'Drakkari Witch Doctor - Scroll of Strength VI'),
	 (600617,35984,0,0.1,0,1,0,1,1,'Drakkari Witch Doctor - Foothold Pants'),
	 (600617,35985,0,0.1,0,1,0,1,1,'Drakkari Witch Doctor - Foothold Shoulderpads'),
	 (600617,35994,0,0.1,0,1,0,1,1,'Drakkari Witch Doctor - Bristlepine Bracers'),
	 (600617,35995,0,0.1,0,1,0,1,1,'Drakkari Witch Doctor - Voldrune Sash'),
	 (600617,36001,0,0.1,0,1,0,1,1,'Drakkari Witch Doctor - Voldrune Mantle'),
	 (600617,36100,0,0.1,0,1,0,1,1,'Drakkari Witch Doctor - Caribou Boots'),
	 (600617,36106,0,0.1,0,1,0,1,1,'Drakkari Witch Doctor - Caribou Bands'),
	 (600617,36107,0,0.1,0,1,0,1,1,'Drakkari Witch Doctor - Vileprey Cord'),
	 (600617,36108,0,0.1,0,1,0,1,1,'Drakkari Witch Doctor - Vileprey Boots'),
	 (600617,36209,0,0.1,0,1,0,1,1,'Drakkari Witch Doctor - Nifflevar Shoulderguards'),
	 (600617,36212,0,0.1,0,1,0,1,1,'Drakkari Witch Doctor - Orca Footwraps'),
	 (600617,36213,0,0.1,0,1,0,1,1,'Drakkari Witch Doctor - Orca Armor'),
	 (600617,36219,0,0.1,0,1,0,1,1,'Drakkari Witch Doctor - Amberpine Girdle'),
	 (600617,36225,0,0.2,0,1,0,1,1,'Drakkari Witch Doctor - Amberpine Spaulders'),
	 (600617,36321,0,1.8,0,1,0,1,1,'Drakkari Witch Doctor - Wyrmskull Epaulets'),
	 (600617,36323,0,0.1,0,1,0,1,1,'Drakkari Witch Doctor - Halgrind Belt'),
	 (600617,36325,0,0.1,0,1,0,1,1,'Drakkari Witch Doctor - Halgrind Carapace'),
	 (600617,36330,0,0.1,0,1,0,1,1,'Drakkari Witch Doctor - Halgrind Bracers'),
	 (600617,36333,0,0.1,0,1,0,1,1,'Drakkari Witch Doctor - Grizzlemaw Armor'),
	 (600617,36337,0,0.1,0,1,0,1,1,'Drakkari Witch Doctor - Grizzlemaw Epaulets'),
	 (600617,36406,0,0.1,0,1,0,1,1,'Drakkari Witch Doctor - Wayfarer''s Cloak'),
	 (600617,36408,0,0.1,0,1,0,1,1,'Drakkari Witch Doctor - Reversible Wool Cape'),
	 (600617,36422,0,0.1,0,1,0,1,1,'Drakkari Witch Doctor - Filigree Ring'),
	 (600617,36435,0,0.1,0,1,0,1,1,'Drakkari Witch Doctor - Embroidered Pendant'),
	 (600617,36436,0,0.1,0,1,0,1,1,'Drakkari Witch Doctor - Jasper Bead Necklace'),
	 (600617,36450,0,0.1,0,1,0,1,1,'Drakkari Witch Doctor - Strapped Heater Shield'),
	 (600617,36463,0,0.1,0,1,0,1,1,'Drakkari Witch Doctor - Polished Orb'),
	 (600617,36478,0,0.1,0,1,0,1,1,'Drakkari Witch Doctor - Frosty Talon'),
	 (600617,36506,0,0.1,0,1,0,1,1,'Drakkari Witch Doctor - Vaulted Mace'),
	 (600617,36562,0,0.1,0,1,0,1,1,'Drakkari Witch Doctor - Blue-Nailed Claws'),
	 (600617,36660,0,0.2,0,1,0,1,1,'Drakkari Witch Doctor - Melted Wand'),
	 (600617,36672,0,0.1,0,1,0,1,1,'Drakkari Witch Doctor - Strange Dagger'),
	 (600617,36674,0,0.1,0,1,0,1,1,'Drakkari Witch Doctor - Old Tooth'),
	 (600617,36688,0,0.1,0,1,0,1,1,'Drakkari Witch Doctor - Sacrosanct Mace'),
	 (600617,37091,0,0.2,0,1,0,1,1,'Drakkari Witch Doctor - Scroll of Intellect VII'),
	 (600617,37093,0,0.1,0,1,0,1,1,'Drakkari Witch Doctor - Scroll of Stamina VII'),
	 (600617,37097,0,0.3,0,1,0,1,1,'Drakkari Witch Doctor - Scroll of Spirit VII'),
	 (600617,43463,0,0.3,0,1,0,1,1,'Drakkari Witch Doctor - Scroll of Agility VII'),
	 (600617,43465,0,0.3,0,1,0,1,1,'Drakkari Witch Doctor - Scroll of Strength VII'),
	 (600617,43467,0,0.3,0,1,0,1,1,'Drakkari Witch Doctor - Scroll of Protection VII'),
	 (600617,43622,0,0.1,0,1,0,1,1,'Drakkari Witch Doctor - Froststeel Lockbox'),
	 (600617,43851,0,38.8,0,1,0,1,1,'Drakkari Witch Doctor - Fur Clothing Scraps'),
	 (600617,45912,0,0.1,0,1,0,1,1,'Drakkari Witch Doctor - Book of Glyph Mastery'),
	 (600618,1520,0,32.5023,0,1,0,1,1,'Sandfury Executioner - Troll Sweat'),
	 (600618,1645,0,2.2125,0,1,0,1,1,'Sandfury Executioner - Moonberry Juice'),
	 (600618,1685,0,0.0312,0,1,0,1,1,'Sandfury Executioner - Troll-hide Bag'),
	 (600618,2040,0,0.0312,0,1,0,1,1,'Sandfury Executioner - Troll Protector'),
	 (600618,3395,0,0.02,0,1,0,1,1,'Sandfury Executioner - Recipe: Limited Invulnerability Potion'),
	 (600618,3914,0,0.2,0,1,0,1,1,'Sandfury Executioner - Journeyman''s Backpack'),
	 (600618,3928,0,1.24,0,1,0,1,1,'Sandfury Executioner - Superior Healing Potion'),
	 (600618,4338,0,26.8931,0,1,0,1,4,'Sandfury Executioner - Mageweave Cloth'),
	 (600618,4419,0,0.4,0,1,0,1,1,'Sandfury Executioner - Scroll of Intellect III'),
	 (600618,4422,0,0.34,0,1,0,1,1,'Sandfury Executioner - Scroll of Stamina III'),
	 (600618,4425,0,0.14,0,1,0,1,1,'Sandfury Executioner - Scroll of Agility III'),
	 (600618,4426,0,0.2,0,1,0,1,1,'Sandfury Executioner - Scroll of Strength III'),
	 (600618,4599,0,4.612,0,1,0,1,1,'Sandfury Executioner - Cured Ham Steak'),
	 (600618,4638,0,0.187,0,1,0,1,1,'Sandfury Executioner - Reinforced Steel Lockbox'),
	 (600618,5616,0,0.02,0,1,0,1,1,'Sandfury Executioner - Gutwrencher'),
	 (600618,6149,0,1.1,0,1,0,1,1,'Sandfury Executioner - Greater Mana Potion'),
	 (600618,6440,0,0.0312,0,1,0,1,1,'Sandfury Executioner - Brainlash'),
	 (600618,7909,0,0.3739,0,1,0,1,1,'Sandfury Executioner - Aquamarine'),
	 (600618,7910,0,0.2493,0,1,0,1,1,'Sandfury Executioner - Star Ruby'),
	 (600618,7975,0,0.02,0,1,0,1,1,'Sandfury Executioner - Plans: Heavy Mithril Pants'),
	 (600618,7989,0,0.02,0,1,0,1,1,'Sandfury Executioner - Plans: Mithril Spurs'),
	 (600618,7990,0,0.04,0,1,0,1,1,'Sandfury Executioner - Plans: Heavy Mithril Helm'),
	 (600618,7993,0,0.03,0,1,0,1,1,'Sandfury Executioner - Plans: Dazzling Mithril Rapier'),
	 (600618,8029,0,0.14,0,1,0,1,1,'Sandfury Executioner - Plans: Wicked Mithril Blade'),
	 (600618,8151,0,9.1617,0,1,0,1,1,'Sandfury Executioner - Flask of Mojo'),
	 (600618,8385,0,0.02,0,1,0,1,1,'Sandfury Executioner - Pattern: Turtle Scale Gloves'),
	 (600618,8387,0,0.02,0,1,0,1,1,'Sandfury Executioner - Pattern: Big Voodoo Mask'),
	 (600618,8389,0,0.02,0,1,0,1,1,'Sandfury Executioner - Pattern: Big Voodoo Pants'),
	 (600618,8390,0,0.06,0,1,0,1,1,'Sandfury Executioner - Pattern: Big Voodoo Cloak'),
	 (600618,8444,0,100.0,0,1,0,1,1,'Sandfury Executioner - Executioner''s Key'),
	 (600618,8623,0,0.8,0,1,0,1,1,'Sandfury Executioner - OOX-17/TN Distress Beacon'),
	 (600618,9242,0,1.7451,0,1,0,1,1,'Sandfury Executioner - Ancient Tablet'),
	 (600618,9243,0,0.7167,0,1,0,1,1,'Sandfury Executioner - Shriveled Heart'),
	 (600618,9295,0,0.08,0,1,0,1,1,'Sandfury Executioner - Recipe: Invisibility Potion'),
	 (600618,9298,0,0.12,0,1,0,1,1,'Sandfury Executioner - Recipe: Elixir of Giants'),
	 (600618,9480,0,0.1,0,1,0,1,1,'Sandfury Executioner - Eyegouger'),
	 (600618,9482,0,0.04,0,1,0,1,1,'Sandfury Executioner - Witch Doctor''s Cane'),
	 (600618,9483,0,0.02,0,1,0,1,1,'Sandfury Executioner - Flaming Incinerator'),
	 (600618,9511,0,0.04,0,1,0,1,1,'Sandfury Executioner - Bloodletter Scalpel'),
	 (600618,9512,0,0.0935,0,1,0,1,1,'Sandfury Executioner - Blackmetal Cape'),
	 (600618,9523,0,55.0,1,1,0,1,1,'Sandfury Executioner - Troll Temper'),
	 (600618,10300,0,0.12,0,1,0,1,1,'Sandfury Executioner - Pattern: Red Mageweave Vest'),
	 (600618,10302,0,0.02,0,1,0,1,1,'Sandfury Executioner - Pattern: Red Mageweave Pants'),
	 (600618,10312,0,0.02,0,1,0,1,1,'Sandfury Executioner - Pattern: Red Mageweave Gloves'),
	 (600618,10315,0,0.04,0,1,0,1,1,'Sandfury Executioner - Pattern: Red Mageweave Shoulders'),
	 (600618,10320,0,0.06,0,1,0,1,1,'Sandfury Executioner - Pattern: Red Mageweave Headband'),
	 (600618,10606,0,0.02,0,1,0,1,1,'Sandfury Executioner - Schematic: Parachute Cloak'),
	 (600618,11204,0,0.02,0,1,0,1,1,'Sandfury Executioner - Formula: Enchant Bracer - Greater Spirit'),
	 (600618,11208,0,0.04,0,1,0,1,1,'Sandfury Executioner - Formula: Enchant Weapon - Demonslaying'),
	 (600618,11225,0,0.06,0,1,0,1,1,'Sandfury Executioner - Formula: Enchant Bracer - Greater Stamina'),
	 (600618,11226,0,0.02,0,1,0,1,1,'Sandfury Executioner - Formula: Enchant Gloves - Riding Skill'),
	 (600618,12682,0,0.02,0,1,0,1,1,'Sandfury Executioner - Plans: Thorium Armor'),
	 (600618,12689,0,0.02,0,1,0,1,1,'Sandfury Executioner - Plans: Radiant Breastplate'),
	 (600618,12691,0,0.06,0,1,0,1,1,'Sandfury Executioner - Plans: Wildthorn Mail'),
	 (600618,14467,0,0.02,0,1,0,1,1,'Sandfury Executioner - Pattern: Frostweave Robe'),
	 (600618,14474,0,0.04,0,1,0,1,1,'Sandfury Executioner - Pattern: Frostweave Gloves'),
	 (600618,14484,0,0.02,0,1,0,1,1,'Sandfury Executioner - Pattern: Brightcloth Cloak'),
	 (600618,15731,0,0.02,0,1,0,1,1,'Sandfury Executioner - Pattern: Runic Leather Gauntlets'),
	 (600618,16043,0,0.02,0,1,0,1,1,'Sandfury Executioner - Schematic: Thorium Rifle'),
	 (600618,16215,0,0.02,0,1,0,1,1,'Sandfury Executioner - Formula: Enchant Boots - Greater Stamina'),
	 (600618,16218,0,0.02,0,1,0,1,1,'Sandfury Executioner - Formula: Enchant Bracer - Superior Spirit'),
	 (600618,16220,0,0.02,0,1,0,1,1,'Sandfury Executioner - Formula: Enchant Boots - Spirit'),
	 (600618,24025,24025,1.0,0,1,1,1,1,'Sandfury Executioner - (ReferenceTable)'),
	 (600618,24036,24036,5.0,0,1,1,1,1,'Sandfury Executioner - (ReferenceTable)'),
	 (600618,24037,24037,1.0,0,1,1,1,1,'Sandfury Executioner - (ReferenceTable)'),
	 (600618,24039,24039,1.0,0,1,1,1,1,'Sandfury Executioner - (ReferenceTable)'),
	 (600618,24041,24041,1.0,0,1,1,1,1,'Sandfury Executioner - (ReferenceTable)'),
	 (600618,24042,24042,0.5,0,1,1,1,1,'Sandfury Executioner - (ReferenceTable)'),
	 (600618,24043,24043,1.0,0,1,1,1,1,'Sandfury Executioner - (ReferenceTable)'),
	 (600618,24044,24044,0.5,0,1,1,1,1,'Sandfury Executioner - (ReferenceTable)'),
	 (600618,24045,24045,1.0,0,1,1,1,1,'Sandfury Executioner - (ReferenceTable)'),
	 (600618,24046,24046,0.5,0,1,1,1,1,'Sandfury Executioner - (ReferenceTable)'),
	 (600618,24082,24082,0.1,0,1,1,1,1,'Sandfury Executioner - (ReferenceTable)'),
	 (600618,24083,24083,0.1,0,1,1,1,1,'Sandfury Executioner - (ReferenceTable)'),
	 (600618,24232,0,0.0312,0,1,0,2,2,'Sandfury Executioner - Shabby Knot'),
	 (600619,24727,24727,1.5,0,1,0,1,1,'Drakkari Plague Spreader - (ReferenceTable)'),
	 (600619,26000,26000,3.0,0,1,1,1,1,'Drakkari Plague Spreader - (ReferenceTable)'),
	 (600619,26001,26001,3.0,0,1,1,1,1,'Drakkari Plague Spreader - (ReferenceTable)'),
	 (600619,26006,26006,1.0,0,1,1,1,1,'Drakkari Plague Spreader - (ReferenceTable)'),
	 (600619,26007,26007,1.0,0,1,1,1,1,'Drakkari Plague Spreader - (ReferenceTable)'),
	 (600619,26008,26008,1.0,0,1,1,1,1,'Drakkari Plague Spreader - (ReferenceTable)'),
	 (600619,26022,26022,0.5,0,1,1,1,1,'Drakkari Plague Spreader - (ReferenceTable)'),
	 (600619,26040,26040,27.7,0,1,0,1,1,'Drakkari Plague Spreader - (ReferenceTable)'),
	 (600619,33358,0,0.1,0,1,0,1,1,'Drakkari Plague Spreader - Thread-Bare Cloth Belt'),
	 (600619,33359,0,0.1,0,1,0,1,1,'Drakkari Plague Spreader - Thread-Bare Cloth Boots'),
	 (600619,33360,0,0.1,0,1,0,1,1,'Drakkari Plague Spreader - Thread-Bare Cloth Bracers'),
	 (600619,33361,0,0.2,0,1,0,1,1,'Drakkari Plague Spreader - Thread-Bare Cloth Gloves'),
	 (600619,33362,0,0.2,0,1,0,1,1,'Drakkari Plague Spreader - Thread-Bare Cloth Pants'),
	 (600619,33363,0,0.1,0,1,0,1,1,'Drakkari Plague Spreader - Thread-Bare Cloth Shoulderpads'),
	 (600619,33364,0,0.2,0,1,0,1,1,'Drakkari Plague Spreader - Thread-Bare Cloth Vest'),
	 (600619,33372,0,0.1,0,1,0,1,1,'Drakkari Plague Spreader - Fur-Lined Armor'),
	 (600619,33373,0,0.2,0,1,0,1,1,'Drakkari Plague Spreader - Fur-Lined Belt'),
	 (600619,33374,0,0.2,0,1,0,1,1,'Drakkari Plague Spreader - Fur-Lined Boots'),
	 (600619,33375,0,0.1,0,1,0,1,1,'Drakkari Plague Spreader - Fur-Lined Bracers'),
	 (600619,33376,0,0.2,0,1,0,1,1,'Drakkari Plague Spreader - Fur-Lined Gloves'),
	 (600619,33377,0,0.1,0,1,0,1,1,'Drakkari Plague Spreader - Fur-Lined Pants'),
	 (600619,33378,0,0.2,0,1,0,1,1,'Drakkari Plague Spreader - Fur-Lined Shoulderpads'),
	 (600619,33390,0,0.1,0,1,0,1,1,'Drakkari Plague Spreader - Icy Mail Armor'),
	 (600619,33392,0,0.1,0,1,0,1,1,'Drakkari Plague Spreader - Icy Mail Boots'),
	 (600619,33393,0,0.2,0,1,0,1,1,'Drakkari Plague Spreader - Icy Mail Bracers'),
	 (600619,33394,0,0.1,0,1,0,1,1,'Drakkari Plague Spreader - Icy Mail Gloves'),
	 (600619,33395,0,0.1,0,1,0,1,1,'Drakkari Plague Spreader - Icy Mail Pants'),
	 (600619,33396,0,0.1,0,1,0,1,1,'Drakkari Plague Spreader - Icy Mail Shoulderpads'),
	 (600619,33404,0,0.1,0,1,0,1,1,'Drakkari Plague Spreader - Ice-Bound Plate Belt'),
	 (600619,33405,0,0.1,0,1,0,1,1,'Drakkari Plague Spreader - Ice-Bound Plate Boots'),
	 (600619,33407,0,0.1,0,1,0,1,1,'Drakkari Plague Spreader - Ice-Bound Plate Chestpiece'),
	 (600619,33408,0,0.1,0,1,0,1,1,'Drakkari Plague Spreader - Ice-Bound Plate Gloves'),
	 (600619,33409,0,0.2,0,1,0,1,1,'Drakkari Plague Spreader - Ice-Bound Plate Pants'),
	 (600619,33410,0,0.2,0,1,0,1,1,'Drakkari Plague Spreader - Ice-Bound Plate Shoulderpads'),
	 (600619,33422,0,0.1,0,1,0,1,1,'Drakkari Plague Spreader - Shattered Bow'),
	 (600619,33425,0,0.2,0,1,0,1,1,'Drakkari Plague Spreader - Ice-Pitted Blade'),
	 (600619,33426,0,0.1,0,1,0,1,1,'Drakkari Plague Spreader - Chipped Timber Axe'),
	 (600619,33427,0,0.1,0,1,0,1,1,'Drakkari Plague Spreader - Frost-Encrusted Rifle'),
	 (600619,33428,0,0.1,0,1,0,1,1,'Drakkari Plague Spreader - Dulled Shiv'),
	 (600619,33429,0,0.1,0,1,0,1,1,'Drakkari Plague Spreader - Ice Cleaver'),
	 (600619,33430,0,0.1,0,1,0,1,1,'Drakkari Plague Spreader - Abandoned Greatsword'),
	 (600619,33431,0,0.1,0,1,0,1,1,'Drakkari Plague Spreader - Icesmashing Mace'),
	 (600619,33438,0,0.1,0,1,0,1,1,'Drakkari Plague Spreader - Thread-Bare Hat'),
	 (600619,33439,0,0.1,0,1,0,1,1,'Drakkari Plague Spreader - Fur-Lined Leather Helmet'),
	 (600619,33440,0,0.1,0,1,0,1,1,'Drakkari Plague Spreader - Ice-Bound Plate Helmet'),
	 (600619,33444,0,4.3,0,1,0,1,1,'Drakkari Plague Spreader - Pungent Seal Whey'),
	 (600619,33452,0,6.8,0,1,0,1,1,'Drakkari Plague Spreader - Honey-Spiced Lichen'),
	 (600619,33458,0,0.1,0,1,0,1,1,'Drakkari Plague Spreader - Scroll of Intellect VI'),
	 (600619,33460,0,0.1,0,1,0,1,1,'Drakkari Plague Spreader - Scroll of Spirit VI'),
	 (600619,35980,0,0.1,0,1,0,1,1,'Drakkari Plague Spreader - Foothold Boots'),
	 (600619,35981,0,0.1,0,1,0,1,1,'Drakkari Plague Spreader - Foothold Robe'),
	 (600619,35982,0,0.1,0,1,0,1,1,'Drakkari Plague Spreader - Foothold Gloves'),
	 (600619,35984,0,0.1,0,1,0,1,1,'Drakkari Plague Spreader - Foothold Pants'),
	 (600619,35985,0,0.1,0,1,0,1,1,'Drakkari Plague Spreader - Foothold Shoulderpads'),
	 (600619,35986,0,0.1,0,1,0,1,1,'Drakkari Plague Spreader - Foothold Cuffs'),
	 (600619,35990,0,0.1,0,1,0,1,1,'Drakkari Plague Spreader - Bristlepine Handwraps'),
	 (600619,35992,0,0.1,0,1,0,1,1,'Drakkari Plague Spreader - Bristlepine Leggings'),
	 (600619,35997,0,0.1,0,1,0,1,1,'Drakkari Plague Spreader - Voldrune Robe'),
	 (600619,35998,0,0.1,0,1,0,1,1,'Drakkari Plague Spreader - Voldrune Gloves'),
	 (600619,36000,0,0.1,0,1,0,1,1,'Drakkari Plague Spreader - Voldrune Legs'),
	 (600619,36093,0,0.1,0,1,0,1,1,'Drakkari Plague Spreader - Wildevar Tunic'),
	 (600619,36094,0,0.1,0,1,0,1,1,'Drakkari Plague Spreader - Wildevar Gloves'),
	 (600619,36097,0,0.1,0,1,0,1,1,'Drakkari Plague Spreader - Wildevar Shoulderguards'),
	 (600619,36098,0,0.1,0,1,0,1,1,'Drakkari Plague Spreader - Wildevar Armguards'),
	 (600619,36106,0,0.1,0,1,0,1,1,'Drakkari Plague Spreader - Caribou Bands'),
	 (600619,36107,0,0.1,0,1,0,1,1,'Drakkari Plague Spreader - Vileprey Cord'),
	 (600619,36111,0,0.1,0,1,0,1,1,'Drakkari Plague Spreader - Vileprey Hood'),
	 (600619,36113,0,0.1,0,1,0,1,1,'Drakkari Plague Spreader - Vileprey Pauldrons'),
	 (600619,36206,0,0.1,0,1,0,1,1,'Drakkari Plague Spreader - Nifflevar Gloves'),
	 (600619,36211,0,0.1,0,1,0,1,1,'Drakkari Plague Spreader - Orca Belt'),
	 (600619,36212,0,0.1,0,1,0,1,1,'Drakkari Plague Spreader - Orca Footwraps'),
	 (600619,36213,0,0.1,0,1,0,1,1,'Drakkari Plague Spreader - Orca Armor'),
	 (600619,36216,0,0.1,0,1,0,1,1,'Drakkari Plague Spreader - Orca Legwraps'),
	 (600619,36221,0,0.1,0,1,0,1,1,'Drakkari Plague Spreader - Amberpine Chain Vest'),
	 (600619,36222,0,0.1,0,1,0,1,1,'Drakkari Plague Spreader - Amberpine Gauntlets'),
	 (600619,36223,0,0.1,0,1,0,1,1,'Drakkari Plague Spreader - Amberpine Helmet'),
	 (600619,36320,0,0.1,0,1,0,1,1,'Drakkari Plague Spreader - Wyrmskull Legplates'),
	 (600619,36322,0,0.1,0,1,0,1,1,'Drakkari Plague Spreader - Wyrmskull Bracers'),
	 (600619,36323,0,0.1,0,1,0,1,1,'Drakkari Plague Spreader - Halgrind Belt'),
	 (600619,36324,0,0.1,0,1,0,1,1,'Drakkari Plague Spreader - Halgrind Greaves'),
	 (600619,36326,0,0.1,0,1,0,1,1,'Drakkari Plague Spreader - Halgrind Gloves'),
	 (600619,36328,0,0.1,0,1,0,1,1,'Drakkari Plague Spreader - Halgrind Legplates'),
	 (600619,36329,0,0.1,0,1,0,1,1,'Drakkari Plague Spreader - Halgrind Epaulets'),
	 (600619,36333,0,0.1,0,1,0,1,1,'Drakkari Plague Spreader - Grizzlemaw Armor'),
	 (600619,36335,0,0.1,0,1,0,1,1,'Drakkari Plague Spreader - Grizzlemaw Helm'),
	 (600619,36338,0,0.1,0,1,0,1,1,'Drakkari Plague Spreader - Grizzlemaw Vambraces'),
	 (600619,36406,0,0.1,0,1,0,1,1,'Drakkari Plague Spreader - Wayfarer''s Cloak'),
	 (600619,36420,0,0.1,0,1,0,1,1,'Drakkari Plague Spreader - Gemstone Ring'),
	 (600619,36421,0,0.1,0,1,0,1,1,'Drakkari Plague Spreader - Devotional Band'),
	 (600619,36422,0,0.1,0,1,0,1,1,'Drakkari Plague Spreader - Filigree Ring'),
	 (600619,36434,0,0.1,0,1,0,1,1,'Drakkari Plague Spreader - Gold Mesh Collar'),
	 (600619,36435,0,0.1,0,1,0,1,1,'Drakkari Plague Spreader - Embroidered Pendant'),
	 (600619,36462,0,0.1,0,1,0,1,1,'Drakkari Plague Spreader - Coldarra Crystal'),
	 (600619,36463,0,0.1,0,1,0,1,1,'Drakkari Plague Spreader - Polished Orb'),
	 (600619,36478,0,0.1,0,1,0,1,1,'Drakkari Plague Spreader - Frosty Talon'),
	 (600619,36506,0,0.1,0,1,0,1,1,'Drakkari Plague Spreader - Vaulted Mace'),
	 (600619,36520,0,0.1,0,1,0,1,1,'Drakkari Plague Spreader - Chopping Wideblade'),
	 (600619,36602,0,0.1,0,1,0,1,1,'Drakkari Plague Spreader - Rust-Covered Polearm'),
	 (600619,36658,0,0.1,0,1,0,1,1,'Drakkari Plague Spreader - Extinguished Spark'),
	 (600619,36674,0,0.1,0,1,0,1,1,'Drakkari Plague Spreader - Old Tooth'),
	 (600619,37091,0,0.4,0,1,0,1,1,'Drakkari Plague Spreader - Scroll of Intellect VII'),
	 (600619,37093,0,0.1,0,1,0,1,1,'Drakkari Plague Spreader - Scroll of Stamina VII'),
	 (600619,37097,0,0.2,0,1,0,1,1,'Drakkari Plague Spreader - Scroll of Spirit VII'),
	 (600619,37807,0,0.1,0,1,0,1,1,'Drakkari Plague Spreader - Lydia''s Sharpened Swordbreaker'),
	 (600619,42108,0,33.0,1,1,0,1,1,'Drakkari Plague Spreader - Scourge Curio'),
	 (600619,43463,0,0.1,0,1,0,1,1,'Drakkari Plague Spreader - Scroll of Agility VII'),
	 (600619,43465,0,0.2,0,1,0,1,1,'Drakkari Plague Spreader - Scroll of Strength VII'),
	 (600619,43467,0,0.1,0,1,0,1,1,'Drakkari Plague Spreader - Scroll of Protection VII'),
	 (600619,43507,0,0.1,0,1,0,1,1,'Drakkari Plague Spreader - Recipe: Tasty Cupcake'),
	 (600619,43508,0,0.1,0,1,0,1,1,'Drakkari Plague Spreader - Recipe: Last Week''s Mammoth'),
	 (600619,43509,0,0.1,0,1,0,1,1,'Drakkari Plague Spreader - Recipe: Bad Clams'),
	 (600619,43622,0,0.2,0,1,0,1,1,'Drakkari Plague Spreader - Froststeel Lockbox'),
	 (600619,43851,0,34.3,0,1,0,1,1,'Drakkari Plague Spreader - Fur Clothing Scraps'),
	 (600619,45912,0,0.1,0,1,0,1,1,'Drakkari Plague Spreader - Book of Glyph Mastery'),
	 (600620,1520,0,30.4015,0,1,0,1,1,'Sandfury Shadowhunter - Troll Sweat'),
	 (600620,1645,0,2.2463,0,1,0,1,1,'Sandfury Shadowhunter - Moonberry Juice'),
	 (600620,1685,0,0.02,0,1,0,1,1,'Sandfury Shadowhunter - Troll-hide Bag'),
	 (600620,2289,0,0.02,0,1,0,1,1,'Sandfury Shadowhunter - Scroll of Strength II'),
	 (600620,3395,0,0.02,0,1,0,1,1,'Sandfury Shadowhunter - Recipe: Limited Invulnerability Potion'),
	 (600620,3831,0,0.02,0,1,0,1,1,'Sandfury Shadowhunter - Recipe: Major Troll''s Blood Elixir'),
	 (600620,3832,0,0.02,0,1,0,1,1,'Sandfury Shadowhunter - Recipe: Elixir of Detect Lesser Invisibility'),
	 (600620,3864,0,0.0619,0,1,0,1,1,'Sandfury Shadowhunter - Citrine'),
	 (600620,3868,0,0.02,0,1,0,1,1,'Sandfury Shadowhunter - Plans: Frost Tiger Blade'),
	 (600620,3869,0,0.02,0,1,0,1,1,'Sandfury Shadowhunter - Plans: Shadow Crescent Axe'),
	 (600620,3873,0,0.02,0,1,0,1,1,'Sandfury Shadowhunter - Plans: Golden Scale Cuirass'),
	 (600620,3874,0,0.02,0,1,0,1,1,'Sandfury Shadowhunter - Plans: Polished Steel Boots'),
	 (600620,3914,0,0.1,0,1,0,1,1,'Sandfury Shadowhunter - Journeyman''s Backpack'),
	 (600620,3928,0,1.198,0,1,0,1,1,'Sandfury Shadowhunter - Superior Healing Potion'),
	 (600620,4300,0,0.02,0,1,0,1,1,'Sandfury Shadowhunter - Pattern: Guardian Leather Bracers'),
	 (600620,4301,0,0.02,0,1,0,1,1,'Sandfury Shadowhunter - Pattern: Barbaric Belt'),
	 (600620,4306,0,13.1641,0,1,0,1,4,'Sandfury Shadowhunter - Silk Cloth'),
	 (600620,4338,0,16.9419,0,1,0,1,4,'Sandfury Shadowhunter - Mageweave Cloth'),
	 (600620,4353,0,0.02,0,1,0,1,1,'Sandfury Shadowhunter - Pattern: Spider Belt'),
	 (600620,4416,0,0.02,0,1,0,1,1,'Sandfury Shadowhunter - Schematic: Goblin Land Mine'),
	 (600620,4417,0,0.02,0,1,0,1,1,'Sandfury Shadowhunter - Schematic: Large Seaforium Charge'),
	 (600620,4419,0,0.26,0,1,0,1,1,'Sandfury Shadowhunter - Scroll of Intellect III'),
	 (600620,4421,0,0.38,0,1,0,1,1,'Sandfury Shadowhunter - Scroll of Protection III'),
	 (600620,4422,0,0.28,0,1,0,1,1,'Sandfury Shadowhunter - Scroll of Stamina III'),
	 (600620,4424,0,0.38,0,1,0,1,1,'Sandfury Shadowhunter - Scroll of Spirit III'),
	 (600620,4599,0,4.5085,0,1,0,1,1,'Sandfury Shadowhunter - Cured Ham Steak'),
	 (600620,4637,0,0.1877,0,1,0,1,1,'Sandfury Shadowhunter - Steel Lockbox'),
	 (600620,4638,0,0.2336,0,1,0,1,1,'Sandfury Shadowhunter - Reinforced Steel Lockbox'),
	 (600620,5974,0,0.02,0,1,0,1,1,'Sandfury Shadowhunter - Pattern: Guardian Cloak'),
	 (600620,6149,0,1.16,0,1,0,1,1,'Sandfury Shadowhunter - Greater Mana Potion'),
	 (600620,7084,0,0.02,0,1,0,1,1,'Sandfury Shadowhunter - Pattern: Crimson Silk Shoulders'),
	 (600620,7085,0,0.02,0,1,0,1,1,'Sandfury Shadowhunter - Pattern: Azure Shoulders'),
	 (600620,7086,0,0.02,0,1,0,1,1,'Sandfury Shadowhunter - Pattern: Earthen Silk Belt'),
	 (600620,7453,0,0.02,0,1,0,1,1,'Sandfury Shadowhunter - Pattern: Swift Boots'),
	 (600620,7909,0,0.2975,0,1,0,1,1,'Sandfury Shadowhunter - Aquamarine'),
	 (600620,7910,0,0.1837,0,1,0,1,1,'Sandfury Shadowhunter - Star Ruby'),
	 (600620,7971,0,0.02,0,1,0,1,1,'Sandfury Shadowhunter - Black Pearl'),
	 (600620,7975,0,0.02,0,1,0,1,1,'Sandfury Shadowhunter - Plans: Heavy Mithril Pants'),
	 (600620,7976,0,0.02,0,1,0,1,1,'Sandfury Shadowhunter - Plans: Mithril Shield Spike'),
	 (600620,7989,0,0.02,0,1,0,1,1,'Sandfury Shadowhunter - Plans: Mithril Spurs'),
	 (600620,7990,0,0.04,0,1,0,1,1,'Sandfury Shadowhunter - Plans: Heavy Mithril Helm'),
	 (600620,7991,0,0.02,0,1,0,1,1,'Sandfury Shadowhunter - Plans: Mithril Scale Shoulders'),
	 (600620,7992,0,0.02,0,1,0,1,1,'Sandfury Shadowhunter - Plans: Blue Glittering Axe'),
	 (600620,7993,0,0.02,0,1,0,1,1,'Sandfury Shadowhunter - Plans: Dazzling Mithril Rapier'),
	 (600620,8029,0,0.11,0,1,0,1,1,'Sandfury Shadowhunter - Plans: Wicked Mithril Blade'),
	 (600620,8151,0,9.4264,0,1,0,1,1,'Sandfury Shadowhunter - Flask of Mojo'),
	 (600620,8385,0,0.02,0,1,0,1,1,'Sandfury Shadowhunter - Pattern: Turtle Scale Gloves'),
	 (600620,8386,0,0.02,0,1,0,1,1,'Sandfury Shadowhunter - Pattern: Big Voodoo Robe'),
	 (600620,8387,0,0.02,0,1,0,1,1,'Sandfury Shadowhunter - Pattern: Big Voodoo Mask'),
	 (600620,8389,0,0.02,0,1,0,1,1,'Sandfury Shadowhunter - Pattern: Big Voodoo Pants'),
	 (600620,8390,0,0.02,0,1,0,1,1,'Sandfury Shadowhunter - Pattern: Big Voodoo Cloak'),
	 (600620,8623,0,0.9,0,1,0,1,1,'Sandfury Shadowhunter - OOX-17/TN Distress Beacon'),
	 (600620,9242,0,1.9528,0,1,0,1,1,'Sandfury Shadowhunter - Ancient Tablet'),
	 (600620,9243,0,0.8586,0,1,0,1,1,'Sandfury Shadowhunter - Shriveled Heart'),
	 (600620,9293,0,0.02,0,1,0,1,1,'Sandfury Shadowhunter - Recipe: Magic Resistance Potion'),
	 (600620,9295,0,0.02,0,1,0,1,1,'Sandfury Shadowhunter - Recipe: Invisibility Potion'),
	 (600620,9297,0,0.02,0,1,0,1,1,'Sandfury Shadowhunter - Recipe: Elixir of Dream Vision'),
	 (600620,9298,0,0.04,0,1,0,1,1,'Sandfury Shadowhunter - Recipe: Elixir of Giants'),
	 (600620,9332,0,0.02,0,1,0,1,1,'Sandfury Shadowhunter - Crusted Bandages'),
	 (600620,9333,0,0.02,0,1,0,1,1,'Sandfury Shadowhunter - Tarnished Silver Necklace'),
	 (600620,9334,0,0.02,0,1,0,1,1,'Sandfury Shadowhunter - Cracked Pottery'),
	 (600620,9335,0,0.02,0,1,0,1,1,'Sandfury Shadowhunter - Broken Obsidian Club'),
	 (600620,9336,0,0.02,0,1,0,1,1,'Sandfury Shadowhunter - Gold-capped Troll Tusk'),
	 (600620,9523,0,55.0,1,1,0,1,1,'Sandfury Shadowhunter - Troll Temper'),
	 (600620,10300,0,0.02,0,1,0,1,1,'Sandfury Shadowhunter - Pattern: Red Mageweave Vest'),
	 (600620,10301,0,0.02,0,1,0,1,1,'Sandfury Shadowhunter - Pattern: White Bandit Mask'),
	 (600620,10302,0,0.02,0,1,0,1,1,'Sandfury Shadowhunter - Pattern: Red Mageweave Pants'),
	 (600620,10312,0,0.02,0,1,0,1,1,'Sandfury Shadowhunter - Pattern: Red Mageweave Gloves'),
	 (600620,10315,0,0.02,0,1,0,1,1,'Sandfury Shadowhunter - Pattern: Red Mageweave Shoulders'),
	 (600620,10320,0,0.04,0,1,0,1,1,'Sandfury Shadowhunter - Pattern: Red Mageweave Headband'),
	 (600620,10603,0,0.02,0,1,0,1,1,'Sandfury Shadowhunter - Schematic: Catseye Ultra Goggles'),
	 (600620,10604,0,0.02,0,1,0,1,1,'Sandfury Shadowhunter - Schematic: Mithril Heavy-bore Rifle'),
	 (600620,10605,0,0.02,0,1,0,1,1,'Sandfury Shadowhunter - Schematic: Spellpower Goggles Xtreme'),
	 (600620,10606,0,0.02,0,1,0,1,1,'Sandfury Shadowhunter - Schematic: Parachute Cloak'),
	 (600620,11167,0,0.02,0,1,0,1,1,'Sandfury Shadowhunter - Formula: Enchant Boots - Lesser Spirit'),
	 (600620,11202,0,0.02,0,1,0,1,1,'Sandfury Shadowhunter - Formula: Enchant Shield - Stamina'),
	 (600620,11204,0,0.02,0,1,0,1,1,'Sandfury Shadowhunter - Formula: Enchant Bracer - Greater Spirit'),
	 (600620,11208,0,0.02,0,1,0,1,1,'Sandfury Shadowhunter - Formula: Enchant Weapon - Demonslaying'),
	 (600620,11225,0,0.02,0,1,0,1,1,'Sandfury Shadowhunter - Formula: Enchant Bracer - Greater Stamina'),
	 (600620,11226,0,0.02,0,1,0,1,1,'Sandfury Shadowhunter - Formula: Enchant Gloves - Riding Skill'),
	 (600620,12682,0,0.02,0,1,0,1,1,'Sandfury Shadowhunter - Plans: Thorium Armor'),
	 (600620,12683,0,0.02,0,1,0,1,1,'Sandfury Shadowhunter - Plans: Thorium Belt'),
	 (600620,12684,0,0.02,0,1,0,1,1,'Sandfury Shadowhunter - Plans: Thorium Bracers'),
	 (600620,12689,0,0.02,0,1,0,1,1,'Sandfury Shadowhunter - Plans: Radiant Breastplate'),
	 (600620,12691,0,0.02,0,1,0,1,1,'Sandfury Shadowhunter - Plans: Wildthorn Mail'),
	 (600620,12692,0,0.02,0,1,0,1,1,'Sandfury Shadowhunter - Plans: Thorium Shield Spike'),
	 (600620,13486,0,0.02,0,1,0,1,1,'Sandfury Shadowhunter - Recipe: Transmute Undeath to Water'),
	 (600620,14466,0,0.02,0,1,0,1,1,'Sandfury Shadowhunter - Pattern: Frostweave Tunic'),
	 (600620,14467,0,0.02,0,1,0,1,1,'Sandfury Shadowhunter - Pattern: Frostweave Robe'),
	 (600620,14470,0,0.02,0,1,0,1,1,'Sandfury Shadowhunter - Pattern: Runecloth Tunic'),
	 (600620,14474,0,0.02,0,1,0,1,1,'Sandfury Shadowhunter - Pattern: Frostweave Gloves'),
	 (600620,14478,0,0.02,0,1,0,1,1,'Sandfury Shadowhunter - Pattern: Brightcloth Robe'),
	 (600620,14479,0,0.02,0,1,0,1,1,'Sandfury Shadowhunter - Pattern: Brightcloth Gloves'),
	 (600620,14484,0,0.02,0,1,0,1,1,'Sandfury Shadowhunter - Pattern: Brightcloth Cloak'),
	 (600620,15731,0,0.02,0,1,0,1,1,'Sandfury Shadowhunter - Pattern: Runic Leather Gauntlets'),
	 (600620,15737,0,0.02,0,1,0,1,1,'Sandfury Shadowhunter - Pattern: Chimeric Boots'),
	 (600620,16043,0,0.02,0,1,0,1,1,'Sandfury Shadowhunter - Schematic: Thorium Rifle'),
	 (600620,16215,0,0.02,0,1,0,1,1,'Sandfury Shadowhunter - Formula: Enchant Boots - Greater Stamina'),
	 (600620,16218,0,0.02,0,1,0,1,1,'Sandfury Shadowhunter - Formula: Enchant Bracer - Superior Spirit'),
	 (600620,16220,0,0.02,0,1,0,1,1,'Sandfury Shadowhunter - Formula: Enchant Boots - Spirit'),
	 (600620,24025,24025,1.0,0,1,1,1,1,'Sandfury Shadowhunter - (ReferenceTable)'),
	 (600620,24036,24036,5.0,0,1,1,1,1,'Sandfury Shadowhunter - (ReferenceTable)'),
	 (600620,24037,24037,1.0,0,1,1,1,1,'Sandfury Shadowhunter - (ReferenceTable)'),
	 (600620,24039,24039,1.0,0,1,1,1,1,'Sandfury Shadowhunter - (ReferenceTable)'),
	 (600620,24040,24040,0.5,0,1,1,1,1,'Sandfury Shadowhunter - (ReferenceTable)'),
	 (600620,24041,24041,1.0,0,1,1,1,1,'Sandfury Shadowhunter - (ReferenceTable)'),
	 (600620,24042,24042,0.5,0,1,1,1,1,'Sandfury Shadowhunter - (ReferenceTable)'),
	 (600620,24043,24043,1.0,0,1,1,1,1,'Sandfury Shadowhunter - (ReferenceTable)'),
	 (600620,24044,24044,0.5,0,1,1,1,1,'Sandfury Shadowhunter - (ReferenceTable)'),
	 (600620,24045,24045,1.0,0,1,1,1,1,'Sandfury Shadowhunter - (ReferenceTable)'),
	 (600620,24046,24046,0.5,0,1,1,1,1,'Sandfury Shadowhunter - (ReferenceTable)'),
	 (600620,24058,24058,5.0,0,1,1,1,1,'Sandfury Shadowhunter - (ReferenceTable)'),
	 (600620,24080,24080,0.1,0,1,1,1,1,'Sandfury Shadowhunter - (ReferenceTable)'),
	 (600620,24081,24081,0.1,0,1,1,1,1,'Sandfury Shadowhunter - (ReferenceTable)'),
	 (600620,24082,24082,0.1,0,1,1,1,1,'Sandfury Shadowhunter - (ReferenceTable)'),
	 (600620,24083,24083,0.1,0,1,1,1,1,'Sandfury Shadowhunter - (ReferenceTable)'),
	 (600621,0,100500,100.0,0,1,0,1,1,'Custom Boss Loot'),
	 (600621,43949,0,100.0,0,1,0,1,2,'Delve Token'),
	 (600622,0,100500,100.0,0,1,0,1,1,'Custom Boss Loot'),
	 (600622,43949,0,100.0,0,1,0,1,2,'Delve Token'),
	 (600623,0,100500,100.0,0,1,0,1,1,'Custom Boss Loot'),
	 (600623,43949,0,100.0,0,1,0,1,2,'Delve Token');

INSERT INTO creature (id1,id2,id3,`map`,zoneId,areaId,spawnMask,phaseMask,equipment_id,position_x,position_y,position_z,orientation,spawntimesecs,wander_distance,currentwaypoint,curhealth,curmana,MovementType,npcflag,unit_flags,dynamicflags,ScriptName,VerifiedBuild,CreateObject,Comment) VALUES
	 (600613,0,0,905,0,0,1,1,1,-13043.7,-1389.27,58.0174,0.469989,1800,2.0,0,91994,0,1,0,0,0,'',NULL,0,NULL),
	 (600613,0,0,905,0,0,1,1,1,-13034.8,-1396.14,58.6794,1.3472,1800,3.0,0,91994,0,1,0,0,0,'',NULL,0,NULL),
	 (600613,0,0,905,0,0,1,1,1,-12992.7,-1425.84,61.3485,0.136316,1800,3.0,0,91994,0,1,0,0,0,'',NULL,0,NULL),
	 (600613,0,0,905,0,0,1,1,1,-13026.5,-1476.88,58.3723,2.09474,1800,6.0,0,91994,0,1,0,0,0,'',NULL,0,NULL),
	 (600613,0,0,905,0,0,1,1,1,-12911.4,-1417.54,106.392,1.06548,1800,1.0,0,91994,0,1,0,0,0,'',NULL,0,NULL),
	 (600613,0,0,905,0,0,1,1,1,-12879.1,-1440.35,115.046,2.85344,1800,3.0,0,91994,0,1,0,0,0,'',NULL,0,NULL),
	 (600613,0,0,905,0,0,1,1,1,-12787.4,-1474.92,131.0,2.14612,1800,3.0,0,91994,0,1,0,0,0,'',NULL,0,NULL),
	 (600613,0,0,905,0,0,1,1,1,-12866.3,-1473.72,130.968,1.67181,1800,2.0,0,91994,0,1,0,0,0,'',NULL,0,NULL),
	 (600613,0,0,905,0,0,1,1,1,-12988.9,-1345.82,54.0724,3.27504,1800,5.0,0,91994,0,1,0,0,0,'',NULL,0,NULL),
	 (600614,0,0,905,0,0,1,1,1,-13041.8,-1395.99,59.0322,0.96,1800,4.0,0,38773,17048,1,0,0,0,'',NULL,0,NULL),
	 (600614,0,0,905,0,0,1,1,1,-13046.7,-1380.1,55.9529,0.683618,1800,4.0,0,38773,17048,1,0,0,0,'',NULL,0,NULL),
	 (600614,0,0,905,0,0,1,1,1,-13019.2,-1470.38,59.8017,2.63682,1800,4.0,0,38773,17048,1,0,0,0,'',NULL,0,NULL),
	 (600614,0,0,905,0,0,1,1,1,-12902.5,-1426.9,111.464,1.16311,1800,2.0,0,38773,17048,1,0,0,0,'',NULL,0,NULL),
	 (600614,0,0,905,0,0,1,1,1,-12779.8,-1471.99,129.581,2.6272,1800,4.0,0,38773,17048,1,0,0,0,'',NULL,0,NULL),
	 (600614,0,0,905,0,0,1,1,1,-12880.8,-1472.92,133.647,1.24455,1800,0.0,0,38773,17048,0,0,0,0,'',NULL,0,NULL),
	 (600615,0,0,905,0,0,1,1,1,-13021.9,-1334.61,45.4872,1.02291,1800,5.0,0,51018,25572,1,0,0,0,'',NULL,0,NULL),
	 (600615,0,0,905,0,0,1,1,1,-13005.9,-1437.43,60.4129,2.17085,1800,0.0,0,51018,25572,0,0,0,0,'',NULL,0,NULL),
	 (600615,0,0,905,0,0,1,1,1,-13039.3,-1526.35,60.5077,1.41663,1800,5.0,0,51018,25572,1,0,0,0,'',NULL,0,NULL),
	 (600615,0,0,905,0,0,1,1,1,-13018.8,-1532.16,62.6849,1.82119,1800,4.0,0,51018,25572,1,0,0,0,'',NULL,0,NULL),
	 (600615,0,0,905,0,0,1,1,1,-12879.2,-1430.26,113.498,2.85061,1800,0.0,0,51018,25572,0,0,0,0,'',NULL,0,NULL),
	 (600615,0,0,905,0,0,1,1,1,-12754.6,-1497.09,132.561,1.45182,1800,0.0,0,51018,25572,0,0,0,0,'',NULL,0,NULL),
	 (600616,0,0,905,0,0,1,1,1,-13030.3,-1304.7,46.122,5.78549,1800,10.0,0,38260,0,1,0,0,0,'',NULL,0,NULL),
	 (600616,0,0,905,0,0,1,1,1,-13016.4,-1543.03,62.7491,1.98141,1800,0.0,0,38260,0,0,0,0,0,'',NULL,0,NULL),
	 (600616,0,0,905,0,0,1,1,1,-13046.0,-1451.25,59.0254,0.398049,1800,4.0,0,38260,0,1,0,0,0,'',NULL,0,NULL),
	 (600616,0,0,905,0,0,1,1,1,-12960.5,-1371.25,71.6544,5.22188,1800,4.0,0,38260,0,1,0,0,0,'',NULL,0,NULL),
	 (600616,0,0,905,0,0,1,1,1,-12941.0,-1384.8,88.969,5.56636,1800,5.0,0,38260,0,1,0,0,0,'',NULL,0,NULL),
	 (600616,0,0,905,0,0,1,1,1,-12901.4,-1420.01,108.464,1.43933,1800,6.0,0,38260,0,1,0,0,0,'',NULL,0,NULL),
	 (600616,0,0,905,0,0,1,1,1,-12864.1,-1400.16,115.801,2.93889,1800,0.0,0,38260,0,0,0,0,0,'',NULL,0,NULL),
	 (600616,0,0,905,0,0,1,1,1,-12868.7,-1392.76,115.484,3.66389,1800,0.0,0,38260,0,0,0,0,0,'',NULL,0,NULL),
	 (600616,0,0,905,0,0,1,1,1,-12742.8,-1485.68,131.013,2.86813,1800,0.0,0,38260,0,0,0,0,0,'',NULL,0,NULL),
	 (600617,0,0,905,0,0,1,1,0,-12988.8,-1387.28,61.8035,2.32322,1800,2.0,0,119082,51144,1,0,0,0,'',NULL,0,NULL),
	 (600617,0,0,905,0,0,1,1,0,-12999.8,-1390.75,59.9647,1.42331,1800,0.0,0,119082,51144,0,0,0,0,'',NULL,0,NULL),
	 (600617,0,0,905,0,0,1,1,0,-13034.6,-1547.27,60.4924,6.03501,1800,0.0,0,119082,51144,0,0,0,0,'',NULL,0,NULL),
	 (600617,0,0,905,0,0,1,1,0,-13024.9,-1551.49,61.8446,2.44071,1800,0.0,0,119082,51144,0,0,0,0,'',NULL,0,NULL),
	 (600617,0,0,905,0,0,1,1,0,-12923.4,-1410.15,101.682,0.989372,1800,0.0,0,119082,51144,0,0,0,0,'',NULL,0,NULL),
	 (600617,0,0,905,0,0,1,1,0,-12822.7,-1461.27,124.256,2.7588,1800,5.0,0,119082,51144,1,0,0,0,'',NULL,0,NULL),
	 (600617,0,0,905,0,0,1,1,0,-13018.2,-1307.79,43.1129,1.06147,1800,11.0,0,119082,51144,1,0,0,0,'',NULL,0,NULL),
	 (600618,0,0,905,0,0,1,1,1,-12983.1,-1379.96,62.0423,2.32322,1800,3.0,0,78434,0,1,0,0,0,'',NULL,0,NULL),
	 (600618,0,0,905,0,0,1,1,1,-12990.5,-1397.08,61.8027,2.17902,1800,5.0,0,78434,0,1,0,0,0,'',NULL,0,NULL),
	 (600618,0,0,905,0,0,1,1,1,-13030.0,-1429.38,59.2552,0.886906,1800,10.0,0,78434,0,1,0,0,0,'',NULL,0,NULL),
	 (600618,0,0,905,0,0,1,1,1,-13005.7,-1426.08,58.8564,2.49663,1800,0.0,0,78434,0,0,0,0,0,'',NULL,0,NULL),
	 (600618,0,0,905,0,0,1,1,1,-13043.5,-1476.52,58.2294,3.10238,1800,15.0,0,78434,0,1,0,0,0,'',NULL,0,NULL),
	 (600618,0,0,905,0,0,1,1,1,-12968.9,-1352.5,59.8053,3.76104,1800,3.0,0,78434,0,1,0,0,0,'',NULL,0,NULL),
	 (600618,0,0,905,0,0,1,1,1,-12837.0,-1460.46,124.529,3.08325,1800,7.0,0,78434,0,1,0,0,0,'',NULL,0,NULL),
	 (600618,0,0,905,0,0,1,1,1,-13043.2,-1361.98,56.7191,6.07758,1800,8.0,0,78434,0,1,0,0,0,'',NULL,0,NULL),
	 (600619,0,0,905,0,0,1,1,0,-13006.0,-1318.62,43.2927,3.18072,1800,10.0,0,173603,0,1,0,0,0,'',NULL,0,NULL),
	 (600619,0,0,905,0,0,1,1,0,-13026.4,-1317.13,43.7053,6.20073,1800,10.0,0,173603,0,1,0,0,0,'',NULL,0,NULL),
	 (600619,0,0,905,0,0,1,1,0,-13015.8,-1380.13,58.1039,4.55681,1800,12.0,0,173603,0,1,0,0,0,'',NULL,0,NULL),
	 (600619,0,0,905,0,0,1,1,0,-13021.1,-1512.49,62.0557,1.94135,1800,8.0,0,173603,0,1,0,0,0,'',NULL,0,NULL),
	 (600619,0,0,905,0,0,1,1,0,-12888.0,-1394.19,111.534,3.96148,1800,6.0,0,173603,0,1,0,0,0,'',NULL,0,NULL),
	 (600619,0,0,905,0,0,1,1,0,-12865.2,-1461.68,125.663,2.39564,1800,8.0,0,173603,0,1,0,0,0,'',NULL,0,NULL),
	 (600619,0,0,905,0,0,1,1,0,-12762.6,-1480.63,128.198,2.76965,1800,0.0,0,173603,0,0,0,0,0,'',NULL,0,NULL),
	 (600619,0,0,905,0,0,1,1,0,-12744.7,-1473.47,128.205,4.23834,1800,0.0,0,173603,0,0,0,0,0,'',NULL,0,NULL),
	 (600620,0,0,905,0,0,1,1,1,-12991.9,-1376.86,60.4264,0.138865,1800,4.0,0,41835,34096,1,0,0,0,'',NULL,0,NULL),
	 (600620,0,0,905,0,0,1,1,1,-12805.9,-1466.86,124.715,2.98327,1800,8.0,0,41835,34096,1,0,0,0,'',NULL,0,NULL),
	 (600621,0,0,905,0,0,1,1,1,-12747.7,-1482.54,131.194,3.63009,1800,0.0,0,683268,0,0,0,0,0,'',NULL,0,NULL),
	 (600622,0,0,905,0,0,1,1,1,-12835.6,-1374.93,114.119,3.89888,1800,0.0,0,470405,217750,0,0,0,0,'',NULL,0,NULL),
	 (600623,0,0,905,0,0,1,1,1,-13030.9,-1554.54,61.7208,1.2539,1800,0.0,0,659440,0,0,0,0,0,'',NULL,0,NULL);

INSERT INTO smart_scripts (entryorguid,source_type,id,link,event_type,event_phase_mask,event_chance,event_flags,event_param1,event_param2,event_param3,event_param4,event_param5,event_param6,action_type,action_param1,action_param2,action_param3,action_param4,action_param5,action_param6,target_type,target_param1,target_param2,target_param3,target_param4,target_x,target_y,target_z,target_o,comment) VALUES
	 (600613,0,0,0,0,0,100,2,0,0,12000,12000,0,0,11,31566,0,0,0,0,0,2,0,0,0,0,0.0,0.0,0.0,0.0,'Sandfury Axe Thrower - In Combat - Cast ''Raptor Strike'' (Normal Dungeon)'),
	 (600613,0,1,0,0,0,100,2,0,0,7400,7400,0,0,11,35011,0,0,0,0,0,2,0,0,0,0,0.0,0.0,0.0,0.0,'Sandfury Axe Thrower - In Combat - Cast ''Knockdown'' (Normal Dungeon)'),
	 (600613,0,2,0,0,0,100,2,0,0,27000,27000,0,0,11,42359,0,0,0,0,0,5,0,0,0,0,0.0,0.0,0.0,0.0,'Sandfury Axe Thrower - In Combat - Cast ''Axe Volley'' (Normal Dungeon)'),
	 (600613,0,3,0,0,0,100,2,0,0,18000,18000,0,0,11,42332,0,0,0,0,0,2,0,0,0,0,0.0,0.0,0.0,0.0,'Sandfury Axe Thrower - In Combat - Cast ''Throw Axe'' (Normal Dungeon)'),
	 (600614,0,0,0,0,0,100,0,0,0,2400,3800,0,0,11,20823,64,0,0,0,0,2,0,0,0,0,0.0,0.0,0.0,0.0,'Sandfury Firecaller - In Combat - Cast ''Fireball'''),
	 (600614,0,1,0,0,0,85,0,8000,14000,20000,26000,0,0,11,11990,1,0,0,0,0,2,0,0,0,0,0.0,0.0,0.0,0.0,'Sandfury Firecaller - In Combat - Cast ''Rain of Fire'''),
	 (600614,0,2,0,2,0,100,1,0,15,0,0,0,0,25,1,0,0,0,0,0,0,0,0,0,0,0.0,0.0,0.0,0.0,'Sandfury Firecaller - Between 0-15% Health - Flee For Assist (No Repeat)'),
	 (600615,0,0,0,0,0,100,0,5000,6000,11000,13000,0,0,11,22947,257,0,0,0,0,5,30,0,1,0,0.0,0.0,0.0,0.0,'Sandfury Shadowcaster - In Combat - Cast ''Mana Burn'''),
	 (600615,0,1,0,0,0,100,0,7000,9000,12000,14000,0,0,11,15232,1,0,0,0,0,2,0,0,0,0,0.0,0.0,0.0,0.0,'Sandfury Shadowcaster - In Combat - Cast ''Shadow Bolt'''),
	 (600615,0,2,0,0,0,100,0,7000,9000,12000,14000,0,0,11,20741,1,0,0,0,0,2,0,0,0,0,0.0,0.0,0.0,0.0,'Sandfury Shadowcaster - In Combat - Cast ''Shadow Bolt Volley'''),
	 (600616,0,0,0,0,0,100,0,3000,7000,5000,10000,0,0,11,11898,0,0,0,0,0,1,0,0,0,0,0.0,0.0,0.0,0.0,'Sandfury Blood Drinker - In Combat - Cast ''Blood Leech'''),
	 (600616,0,1,0,2,0,100,1,0,15,0,0,0,0,25,1,0,0,0,0,0,0,0,0,0,0,0.0,0.0,0.0,0.0,'Sandfury Blood Drinker - Between 0-15% Health - Flee For Assist (No Repeat)'),
	 (600617,0,0,0,0,0,100,0,5000,9000,9000,12000,0,0,11,52695,0,0,0,0,0,2,0,0,0,0,0.0,0.0,0.0,0.0,'Sandfury Witch Doctor - In Combat - Cast ''Voodoo Doll'''),
	 (600617,0,1,0,0,0,100,0,9000,12000,30000,35000,0,0,11,32194,1,0,0,0,0,1,0,0,0,0,0.0,0.0,0.0,0.0,'Sandfury Witch Doctor - In Combat - Cast ''Superior Healing Ward'''),
	 (600618,0,1,0,61,0,100,0,0,0,0,0,0,0,11,7366,0,0,0,0,0,1,0,0,0,0,0.0,0.0,0.0,0.0,'Sandfury Executioner - MISSING LINK - Cast ''Berserker Stance'''),
	 (600618,0,2,0,0,0,100,0,3000,8000,7000,11000,0,0,11,15496,0,0,0,0,0,2,0,0,0,0,0.0,0.0,0.0,0.0,'Sandfury Executioner - In Combat - Cast ''Cleave'''),
	 (600619,0,0,0,0,0,100,0,5000,11000,30000,35000,0,0,11,52230,32,0,0,0,0,2,0,0,0,0,0.0,0.0,0.0,0.0,'Sandfury Plague Spreader - In Combat - Cast ''Plague Infected'''),
	 (600620,0,0,0,4,0,100,0,0,0,0,0,0,0,11,18396,0,0,0,0,0,7,0,0,0,0,0.0,0.0,0.0,0.0,'Sandfury Shadowhunter - On Aggro - Cast ''Dismounting Blast'''),
	 (600620,0,1,0,0,0,100,0,0,1000,2000,2000,0,0,11,15547,64,0,0,0,0,2,0,0,0,0,0.0,0.0,0.0,0.0,'Sandfury Shadowhunter - In Combat - Cast ''Shoot'''),
	 (600620,0,2,0,0,0,100,0,4000,10000,13000,24000,0,0,11,11641,0,0,0,0,0,6,20,0,0,0,0.0,0.0,0.0,0.0,'Sandfury Shadowhunter - In Combat - Cast ''Hex'''),
	 (600620,0,3,0,2,0,100,1,0,15,0,0,0,0,25,1,0,0,0,0,0,0,0,0,0,0,0.0,0.0,0.0,0.0,'Sandfury Shadowhunter - Between 0-15% Health - Flee For Assist (No Repeat)');
