INSERT INTO creature_template (entry,difficulty_entry_1,difficulty_entry_2,difficulty_entry_3,KillCredit1,KillCredit2,name,subname,IconName,gossip_menu_id,minlevel,maxlevel,`exp`,faction,npcflag,speed_walk,speed_run,speed_swim,speed_flight,detection_range,`scale`,`rank`,dmgschool,DamageModifier,BaseAttackTime,RangeAttackTime,BaseVariance,RangeVariance,unit_class,unit_flags,unit_flags2,dynamicflags,family,trainer_type,trainer_spell,trainer_class,trainer_race,`type`,type_flags,lootid,pickpocketloot,skinloot,PetSpellDataId,VehicleId,mingold,maxgold,AIName,MovementType,HoverHeight,HealthModifier,ManaModifier,ArmorModifier,ExperienceModifier,RacialLeader,movementId,RegenHealth,mechanic_immune_mask,spell_school_immune_mask,flags_extra,ScriptName,VerifiedBuild) VALUES
	 (600657,0,0,0,0,0,'Venture Co. Shredder','Delve',NULL,0,83,83,0,168,0,1.6,1.19048,1.0,1.0,20.0,0.84,1,0,36.9,2000,2000,1.0,1.0,1,32768,2048,0,0,0,0,0,0,7,0,600657,0,0,0,0,180,240,'SmartAI',1,1.0,38.0,1.0,1.0,1.0,0,51,1,0,0,0,'',12340),
	 (600658,0,0,0,0,0,'Venture Co. Taskmaster','Delve',NULL,0,83,83,1,168,0,1.0,1.19048,1.0,1.0,20.0,1.0,1,0,36.9,2000,2000,1.0,1.0,1,32768,2048,0,0,0,0,0,0,7,0,600658,0,0,0,0,169,225,'SmartAI',1,1.0,38.0,1.0,0.97,1.0,0,0,1,0,0,0,'',12340),
	 (600659,0,0,0,0,0,'Venture Co. Ruffian','Delve',NULL,0,82,82,0,168,0,3.2,1.71429,1.0,1.0,20.0,1.0,1,0,35.1,2000,2000,1.0,1.0,1,0,2048,0,0,0,0,0,0,7,0,600659,0,0,0,0,16,25,'SmartAI',0,1.0,30.0,10.0,1.0,1.0,0,0,1,0,0,0,'',12340),
	 (600660,0,0,0,0,0,'Venture Co. Enforcer','Delve',NULL,0,83,84,0,168,0,1.0,1.15287,1.0,1.0,20.0,1.3,1,0,7.5,2000,2000,1.0,1.0,1,32768,2048,0,0,0,0,0,0,7,0,600660,600660,0,0,0,73,452,'SmartAI',0,1.0,35.0,1.0,1.0,1.0,0,0,1,0,0,0,'',12340),
	 (600661,0,0,0,0,0,'Venture Co. Tinkerer','Delve',NULL,0,83,84,0,168,0,1.0,1.71429,1.0,1.0,20.0,1.0,1,0,7.5,2000,2000,1.0,1.0,8,32768,2048,0,0,0,0,0,0,7,0,600661,600661,0,0,0,66,444,'SmartAI',0,1.0,25.0,10.0,1.0,1.0,0,0,1,0,0,0,'',12340),
	 (600701,0,0,0,0,0,'Overlord Snivey','Delve Boss',NULL,0,85,85,0,168,0,1.0,1.14286,1.0,1.0,20.0,1.4,3,0,36.0,2000,2000,1.0,1.0,2,0,2048,0,0,0,0,0,0,7,4,600701,600701,0,0,0,57,311,'',0,1.0,75.0,20.0,1.2,1.0,0,0,1,0,0,0,'',12340),
	 (600702,0,0,0,0,0,'Overlord Moosh','Delve Boss',NULL,0,85,85,0,90,0,1.2,1.14857,1.0,1.0,20.0,1.0,3,0,36.0,1500,2000,1.0,1.0,1,0,2048,0,0,0,0,0,0,3,4,600702,0,0,0,0,453,625,'',0,1.0,90.0,50.0,1.3,1.0,0,0,1,0,0,0,'',12340);

INSERT INTO creature_template_model (CreatureID,Idx,CreatureDisplayID,DisplayScale,Probability,VerifiedBuild) VALUES
	 (600657,0,1269,1.0,1.0,12340),
	 (600658,0,355,1.0,1.0,12340),
	 (600658,1,3908,1.0,1.0,12340),
	 (600658,2,4099,1.0,1.0,12340),
	 (600658,3,7246,1.0,1.0,12340),
	 (600659,0,20017,1.0,1.0,12340),
	 (600659,1,17456,1.0,1.0,12340),
	 (600659,2,11554,1.0,1.0,12340),
	 (600660,0,1122,1.0,1.0,12340),
	 (600660,1,3910,1.0,1.0,12340),
	 (600660,2,3911,1.0,1.0,12340),
	 (600660,3,7234,1.0,1.0,12340),
	 (600661,0,7204,1.0,1.0,12340),
	 (600701,0,7207,1.0,1.0,12340),
	 (600702,0,7207,1.0,1.0,12340);

INSERT INTO creature_template_spell (CreatureID,`Index`,Spell,VerifiedBuild) VALUES
	 (600657,0,36203,0),
	 (600659,0,52908,0),
	 (600659,1,51601,0),
	 (600660,0,9128,12340),
	 (600660,1,6713,12340),
	 (600661,1,12544,12340),
	 (600661,2,20823,12340),
	 (600701,0,9532,12340),
	 (600701,1,4979,12340),
	 (600701,2,184,12340),
	 (600702,0,13299,12340),
	 (600702,1,15667,12340),
	 (600702,2,15583,0),
	 (600702,3,41978,0),
	 (600702,4,41177,0);

INSERT INTO creature_onkill_reputation (creature_id,RewOnKillRepFaction1,RewOnKillRepFaction2,MaxStanding1,IsTeamAward1,RewOnKillRepValue1,MaxStanding2,IsTeamAward2,RewOnKillRepValue2,TeamDependent) VALUES
	 (600657,21,0,5,0,5.0,0,0,0.0,0),
	 (600661,21,0,5,0,5.0,0,0,0.0,0),
	 (600701,21,0,5,0,5.0,0,0,0.0,0);

INSERT INTO creature_equip_template (CreatureID,ID,ItemID1,ItemID2,ItemID3,VerifiedBuild) VALUES
	 (600658,1,1906,0,0,18019),
	 (600659,1,36512,0,0,18019),
	 (600660,1,5288,0,0,18019),
	 (600661,1,1911,0,0,18019),
	 (600701,1,2711,0,0,18019),
	 (600702,1,10619,10619,0,18019);

INSERT INTO creature_loot_template (Entry,Item,Reference,Chance,QuestRequired,LootMode,GroupId,MinCount,MaxCount,Comment) VALUES
	 (600657,1,1003140,6.0,0,1,0,1,1,'World Drop - Grey World Drop - NPC Levels: 31-40'),
	 (600657,2,1023737,2.0,0,1,0,1,1,'World Drop - Green World Drop - NPC Levels: 37-37'),
	 (600657,3,1033737,0.1,0,1,0,1,1,'World Drop - Blue World Drop - NPC Levels: 37-37'),
	 (600657,4,1053140,0.4,0,1,0,1,1,'World Drop - 12 Slot Bag - NPC Levels: 31-40'),
	 (600657,5,1063039,3.0,0,1,0,1,1,'World Drop - Potions III - NPC Levels 30-39'),
	 (600657,6,1073545,1.0,0,1,0,1,1,'World Drop - Scrolls III - NPC Levels 35-45'),
	 (600657,7,1080004,0.3,0,1,0,1,1,'World Drop - Profession Recipes - NPC Levels ~35'),
	 (600657,9,1080020,1.5,0,1,0,1,1,'World Drop - Gems - NPC Levels: 36-40'),
	 (600657,1708,0,2.1189,0,1,0,1,1,'Venture Co. Shredder - Sweet Nectar'),
	 (600657,2725,0,0.801,0,1,0,1,1,'Venture Co. Shredder - Green Hills of Stranglethorn - Page 1'),
	 (600657,2728,0,0.6718,0,1,0,1,1,'Venture Co. Shredder - Green Hills of Stranglethorn - Page 4'),
	 (600657,2730,0,0.6202,0,1,0,1,1,'Venture Co. Shredder - Green Hills of Stranglethorn - Page 6'),
	 (600657,2732,0,0.6202,0,1,0,1,1,'Venture Co. Shredder - Green Hills of Stranglethorn - Page 8'),
	 (600657,2734,0,0.6718,0,1,0,1,1,'Venture Co. Shredder - Green Hills of Stranglethorn - Page 10'),
	 (600657,2735,0,1.0336,0,1,0,1,1,'Venture Co. Shredder - Green Hills of Stranglethorn - Page 11'),
	 (600657,2738,0,0.646,0,1,0,1,1,'Venture Co. Shredder - Green Hills of Stranglethorn - Page 14'),
	 (600657,2740,0,0.7235,0,1,0,1,1,'Venture Co. Shredder - Green Hills of Stranglethorn - Page 16'),
	 (600657,2742,0,0.6977,0,1,0,1,1,'Venture Co. Shredder - Green Hills of Stranglethorn - Page 18'),
	 (600657,2744,0,0.7494,0,1,0,1,1,'Venture Co. Shredder - Green Hills of Stranglethorn - Page 20'),
	 (600657,2745,0,0.5943,0,1,0,1,1,'Venture Co. Shredder - Green Hills of Stranglethorn - Page 21'),
	 (600657,2748,0,0.6202,0,1,0,1,1,'Venture Co. Shredder - Green Hills of Stranglethorn - Page 24'),
	 (600657,2749,0,0.5426,0,1,0,1,1,'Venture Co. Shredder - Green Hills of Stranglethorn - Page 25'),
	 (600657,2750,0,0.5685,0,1,0,1,1,'Venture Co. Shredder - Green Hills of Stranglethorn - Page 26'),
	 (600657,2751,0,0.491,0,1,0,1,1,'Venture Co. Shredder - Green Hills of Stranglethorn - Page 27'),
	 (600657,3771,0,4.5478,0,1,0,1,1,'Venture Co. Shredder - Wild Hog Shank'),
	 (600657,4306,0,29.6382,0,1,0,1,3,'Venture Co. Shredder - Silk Cloth'),
	 (600657,4338,0,4.7287,0,1,0,1,1,'Venture Co. Shredder - Mageweave Cloth'),
	 (600657,4377,0,6.4083,0,1,0,1,1,'Venture Co. Shredder - Heavy Blasting Powder'),
	 (600657,4382,0,1.0594,0,1,0,1,1,'Venture Co. Shredder - Bronze Framework'),
	 (600657,4387,0,2.3514,0,1,0,1,1,'Venture Co. Shredder - Iron Strut'),
	 (600657,4389,0,0.4134,0,1,0,1,1,'Venture Co. Shredder - Gyrochronatom'),
	 (600657,4539,0,0.02,0,1,0,1,1,'Venture Co. Shredder - Goldenbark Apple'),
	 (600657,4614,0,0.0258,0,1,0,1,1,'Venture Co. Shredder - Pendant of Myzrael'),
	 (600657,4636,0,0.1292,0,1,0,1,1,'Venture Co. Shredder - Strong Iron Lockbox'),
	 (600657,5755,0,1.0,0,1,0,1,1,'Venture Co. Shredder - Onyx Shredder Plate'),
	 (600657,7191,0,6.3307,0,1,0,1,1,'Venture Co. Shredder - Fused Wiring'),
	 (600657,8364,0,0.02,0,1,0,1,1,'Venture Co. Shredder - Mithril Head Trout'),
	 (600658,1,1000610,6.0,0,1,0,1,1,'World Drop - Grey World Drop - NPC Levels: 6-10'),
	 (600658,2,1010708,5.0,0,1,0,1,1,'World Drop - White World Drop - NPC Levels: 7-8'),
	 (600658,3,1020608,0.5,0,1,0,1,1,'World Drop - Green World Drop - NPC Levels: 6-8'),
	 (600658,4,1050110,0.5,0,1,0,1,1,'World Drop - 6 Slot Bag - NPC Levels: 1-10'),
	 (600658,5,1070518,1.0,0,1,0,1,1,'World Drop - Scrolls I - NPC Levels 5-18'),
	 (600658,6,1080001,0.3,0,1,0,1,1,'World Drop - Profession Recipes - NPC Levels ~5-10'),
	 (600658,9,1080013,1.5,0,1,0,1,1,'World Drop - Gems - NPC Levels: 6-10'),
	 (600658,117,0,6.9269,0,1,0,1,1,'Venture Co. Taskmaster - Tough Jerky'),
	 (600658,118,0,2.7172,0,1,0,1,1,'Venture Co. Taskmaster - Minor Healing Potion'),
	 (600658,159,0,3.9418,0,1,0,1,1,'Venture Co. Taskmaster - Refreshing Spring Water'),
	 (600658,787,0,0.04,0,1,0,1,1,'Venture Co. Taskmaster - Slitherskin Mackerel'),
	 (600658,2070,0,0.02,0,1,0,1,1,'Venture Co. Taskmaster - Darnassian Bleu'),
	 (600658,2589,0,28.8557,0,1,0,1,2,'Venture Co. Taskmaster - Linen Cloth'),
	 (600658,4536,0,0.04,0,1,0,1,1,'Venture Co. Taskmaster - Shiny Red Apple'),
	 (600658,4540,0,0.04,0,1,0,1,1,'Venture Co. Taskmaster - Tough Hunk of Bread'),
	 (600658,4604,0,0.04,0,1,0,1,1,'Venture Co. Taskmaster - Forest Mushroom Cap'),
	 (600659,21929,0,0.05,0,1,0,1,1,'Venture Co. Ruffian - Flame Spessarite'),
	 (600659,24727,24727,1.5,0,1,0,1,1,'Venture Co. Ruffian - (ReferenceTable)'),
	 (600659,26000,26000,3.0,0,1,1,1,1,'Venture Co. Ruffian - (ReferenceTable)'),
	 (600659,26001,26001,3.0,0,1,1,1,1,'Venture Co. Ruffian - (ReferenceTable)'),
	 (600659,26002,26002,3.0,0,1,1,1,1,'Venture Co. Ruffian - (ReferenceTable)'),
	 (600659,26008,26008,1.0,0,1,1,1,1,'Venture Co. Ruffian - (ReferenceTable)'),
	 (600659,26009,26009,1.0,0,1,1,1,1,'Venture Co. Ruffian - (ReferenceTable)'),
	 (600659,26010,26010,1.0,0,1,1,1,1,'Venture Co. Ruffian - (ReferenceTable)'),
	 (600659,26011,26011,1.0,0,1,1,1,1,'Venture Co. Ruffian - (ReferenceTable)'),
	 (600659,26022,26022,0.5,0,1,1,1,1,'Venture Co. Ruffian - (ReferenceTable)'),
	 (600659,26023,26023,0.5,0,1,1,1,1,'Venture Co. Ruffian - (ReferenceTable)'),
	 (600659,26024,26024,0.5,0,1,1,1,1,'Venture Co. Ruffian - (ReferenceTable)'),
	 (600659,26025,26025,0.5,0,1,1,1,1,'Venture Co. Ruffian - (ReferenceTable)'),
	 (600659,26040,26040,38.7,0,1,0,1,1,'Venture Co. Ruffian - (ReferenceTable)'),
	 (600659,33358,0,0.1,0,1,0,1,1,'Venture Co. Ruffian - Thread-Bare Cloth Belt'),
	 (600659,33360,0,0.1,0,1,0,1,1,'Venture Co. Ruffian - Thread-Bare Cloth Bracers'),
	 (600659,33361,0,0.2,0,1,0,1,1,'Venture Co. Ruffian - Thread-Bare Cloth Gloves'),
	 (600659,33362,0,0.05,0,1,0,1,1,'Venture Co. Ruffian - Thread-Bare Cloth Pants'),
	 (600659,33363,0,0.05,0,1,0,1,1,'Venture Co. Ruffian - Thread-Bare Cloth Shoulderpads'),
	 (600659,33364,0,0.05,0,1,0,1,1,'Venture Co. Ruffian - Thread-Bare Cloth Vest'),
	 (600659,33366,0,0.05,0,1,0,1,1,'Venture Co. Ruffian - Frost-Rimed Cloth Boots'),
	 (600659,33367,0,0.05,0,1,0,1,1,'Venture Co. Ruffian - Frost-Rimed Cloth Bracers'),
	 (600659,33368,0,0.05,0,1,0,1,1,'Venture Co. Ruffian - Frost-Rimed Cloth Gloves'),
	 (600659,33369,0,0.05,0,1,0,1,1,'Venture Co. Ruffian - Frost-Rimed Cloth Pants'),
	 (600659,33371,0,0.05,0,1,0,1,1,'Venture Co. Ruffian - Frost-Rimed Cloth Vest'),
	 (600659,33372,0,0.05,0,1,0,1,1,'Venture Co. Ruffian - Fur-Lined Armor'),
	 (600659,33373,0,0.1,0,1,0,1,1,'Venture Co. Ruffian - Fur-Lined Belt'),
	 (600659,33374,0,0.05,0,1,0,1,1,'Venture Co. Ruffian - Fur-Lined Boots'),
	 (600659,33375,0,0.1,0,1,0,1,1,'Venture Co. Ruffian - Fur-Lined Bracers'),
	 (600659,33376,0,0.1,0,1,0,1,1,'Venture Co. Ruffian - Fur-Lined Gloves'),
	 (600659,33377,0,0.1,0,1,0,1,1,'Venture Co. Ruffian - Fur-Lined Pants'),
	 (600659,33378,0,0.1,0,1,0,1,1,'Venture Co. Ruffian - Fur-Lined Shoulderpads'),
	 (600659,33379,0,0.05,0,1,0,1,1,'Venture Co. Ruffian - Frozen Armor'),
	 (600659,33380,0,0.05,0,1,0,1,1,'Venture Co. Ruffian - Frozen Belt'),
	 (600659,33381,0,0.05,0,1,0,1,1,'Venture Co. Ruffian - Frozen Boots'),
	 (600659,33382,0,0.05,0,1,0,1,1,'Venture Co. Ruffian - Frozen Bracers'),
	 (600659,33383,0,0.05,0,1,0,1,1,'Venture Co. Ruffian - Frozen Gloves'),
	 (600659,33385,0,0.05,0,1,0,1,1,'Venture Co. Ruffian - Frozen Shoulderpads'),
	 (600659,33390,0,0.05,0,1,0,1,1,'Venture Co. Ruffian - Icy Mail Armor'),
	 (600659,33391,0,0.1,0,1,0,1,1,'Venture Co. Ruffian - Icy Mail Belt'),
	 (600659,33392,0,0.1,0,1,0,1,1,'Venture Co. Ruffian - Icy Mail Boots'),
	 (600659,33393,0,0.05,0,1,0,1,1,'Venture Co. Ruffian - Icy Mail Bracers'),
	 (600659,33394,0,0.1,0,1,0,1,1,'Venture Co. Ruffian - Icy Mail Gloves'),
	 (600659,33395,0,0.05,0,1,0,1,1,'Venture Co. Ruffian - Icy Mail Pants'),
	 (600659,33396,0,0.1,0,1,0,1,1,'Venture Co. Ruffian - Icy Mail Shoulderpads'),
	 (600659,33397,0,0.1,0,1,0,1,1,'Venture Co. Ruffian - Frigid Mail Armor'),
	 (600659,33398,0,0.05,0,1,0,1,1,'Venture Co. Ruffian - Frigid Mail Belt'),
	 (600659,33402,0,0.05,0,1,0,1,1,'Venture Co. Ruffian - Frigid Mail Pants'),
	 (600659,33403,0,0.1,0,1,0,1,1,'Venture Co. Ruffian - Frigid Mail Shoulderpads'),
	 (600659,33404,0,0.1,0,1,0,1,1,'Venture Co. Ruffian - Ice-Bound Plate Belt'),
	 (600659,33405,0,0.1,0,1,0,1,1,'Venture Co. Ruffian - Ice-Bound Plate Boots'),
	 (600659,33407,0,0.05,0,1,0,1,1,'Venture Co. Ruffian - Ice-Bound Plate Chestpiece'),
	 (600659,33408,0,0.05,0,1,0,1,1,'Venture Co. Ruffian - Ice-Bound Plate Gloves'),
	 (600659,33414,0,0.05,0,1,0,1,1,'Venture Co. Ruffian - Frost-Worn Plate Bracers'),
	 (600659,33415,0,0.05,0,1,0,1,1,'Venture Co. Ruffian - Frost-Worn Plate Chestpiece'),
	 (600659,33416,0,0.05,0,1,0,1,1,'Venture Co. Ruffian - Frost-Worn Plate Gloves'),
	 (600659,33417,0,0.05,0,1,0,1,1,'Venture Co. Ruffian - Frost-Worn Plate Pants'),
	 (600659,33419,0,0.3,0,1,0,1,1,'Venture Co. Ruffian - Frost-Worn Plate Shoulderpads'),
	 (600659,33422,0,0.1,0,1,0,1,1,'Venture Co. Ruffian - Shattered Bow'),
	 (600659,33423,0,0.1,0,1,0,1,1,'Venture Co. Ruffian - Rime-Covered Mace'),
	 (600659,33424,0,0.1,0,1,0,1,1,'Venture Co. Ruffian - Cracked Iron Staff'),
	 (600659,33425,0,0.2,0,1,0,1,1,'Venture Co. Ruffian - Ice-Pitted Blade'),
	 (600659,33426,0,0.1,0,1,0,1,1,'Venture Co. Ruffian - Chipped Timber Axe'),
	 (600659,33427,0,0.1,0,1,0,1,1,'Venture Co. Ruffian - Frost-Encrusted Rifle'),
	 (600659,33428,0,0.1,0,1,0,1,1,'Venture Co. Ruffian - Dulled Shiv'),
	 (600659,33429,0,0.1,0,1,0,1,1,'Venture Co. Ruffian - Ice Cleaver'),
	 (600659,33430,0,0.1,0,1,0,1,1,'Venture Co. Ruffian - Abandoned Greatsword'),
	 (600659,33431,0,0.1,0,1,0,1,1,'Venture Co. Ruffian - Icesmashing Mace'),
	 (600659,33433,0,0.1,0,1,0,1,1,'Venture Co. Ruffian - Frigid Mail Circlet'),
	 (600659,33434,0,0.05,0,1,0,1,1,'Venture Co. Ruffian - Frozen Leather Helmet'),
	 (600659,33435,0,0.05,0,1,0,1,1,'Venture Co. Ruffian - Frost-Worn Plate Helmet'),
	 (600659,33436,0,0.05,0,1,0,1,1,'Venture Co. Ruffian - Frost-Rimed Cloth Hat'),
	 (600659,33437,0,0.05,0,1,0,1,1,'Venture Co. Ruffian - Icy Mail Circlet'),
	 (600659,33438,0,0.05,0,1,0,1,1,'Venture Co. Ruffian - Thread-Bare Hat'),
	 (600659,33439,0,0.05,0,1,0,1,1,'Venture Co. Ruffian - Fur-Lined Leather Helmet'),
	 (600659,33440,0,0.1,0,1,0,1,1,'Venture Co. Ruffian - Ice-Bound Plate Helmet'),
	 (600659,33445,0,2.6,0,1,0,1,1,'Venture Co. Ruffian - Honeymint Tea'),
	 (600659,33447,0,1.6,0,1,0,1,1,'Venture Co. Ruffian - Runic Healing Potion'),
	 (600659,33448,0,0.8,0,1,0,1,1,'Venture Co. Ruffian - Runic Mana Potion'),
	 (600659,33454,0,5.4,0,1,0,1,1,'Venture Co. Ruffian - Salted Venison'),
	 (600659,33461,0,0.05,0,1,0,1,1,'Venture Co. Ruffian - Scroll of Stamina VI'),
	 (600659,35996,0,0.05,0,1,0,1,1,'Venture Co. Ruffian - Voldrune Slippers'),
	 (600659,35998,0,0.05,0,1,0,1,1,'Venture Co. Ruffian - Voldrune Gloves'),
	 (600659,36000,0,0.05,0,1,0,1,1,'Venture Co. Ruffian - Voldrune Legs'),
	 (600659,36003,0,0.05,0,1,0,1,1,'Venture Co. Ruffian - Icemist Sash'),
	 (600659,36004,0,0.05,0,1,0,1,1,'Venture Co. Ruffian - Icemist Slippers'),
	 (600659,36005,0,0.05,0,1,0,1,1,'Venture Co. Ruffian - Icemist Robe'),
	 (600659,36006,0,0.05,0,1,0,1,1,'Venture Co. Ruffian - Icemist Gloves'),
	 (600659,36007,0,0.05,0,1,0,1,1,'Venture Co. Ruffian - Icemist Circlet'),
	 (600659,36009,0,0.05,0,1,0,1,1,'Venture Co. Ruffian - Icemist Mantle'),
	 (600659,36011,0,0.1,0,1,0,1,1,'Venture Co. Ruffian - Tethys Sash'),
	 (600659,36013,0,0.05,0,1,0,1,1,'Venture Co. Ruffian - Tethys Robe'),
	 (600659,36015,0,0.05,0,1,0,1,1,'Venture Co. Ruffian - Tethys Hood'),
	 (600659,36017,0,0.05,0,1,0,1,1,'Venture Co. Ruffian - Tethys Mantle'),
	 (600659,36019,0,0.05,0,1,0,1,1,'Venture Co. Ruffian - Aerie Belt'),
	 (600659,36021,0,0.05,0,1,0,1,1,'Venture Co. Ruffian - Aerie Robe'),
	 (600659,36022,0,0.05,0,1,0,1,1,'Venture Co. Ruffian - Aerie Gloves'),
	 (600659,36023,0,0.05,0,1,0,1,1,'Venture Co. Ruffian - Aerie Headpiece'),
	 (600659,36112,0,0.05,0,1,0,1,1,'Venture Co. Ruffian - Vileprey Leggings'),
	 (600659,36115,0,0.05,0,1,0,1,1,'Venture Co. Ruffian - Taunka Belt'),
	 (600659,36116,0,0.05,0,1,0,1,1,'Venture Co. Ruffian - Taunka Boots'),
	 (600659,36117,0,0.05,0,1,0,1,1,'Venture Co. Ruffian - Taunka Tunic'),
	 (600659,36119,0,0.05,0,1,0,1,1,'Venture Co. Ruffian - Taunka Hat'),
	 (600659,36120,0,0.05,0,1,0,1,1,'Venture Co. Ruffian - Taunka Legguards'),
	 (600659,36121,0,0.05,0,1,0,1,1,'Venture Co. Ruffian - Taunka Spaulders'),
	 (600659,36122,0,0.05,0,1,0,1,1,'Venture Co. Ruffian - Taunka Armguards'),
	 (600659,36123,0,0.05,0,1,0,1,1,'Venture Co. Ruffian - Muradin Belt'),
	 (600659,36124,0,0.05,0,1,0,1,1,'Venture Co. Ruffian - Muradin Boots'),
	 (600659,36125,0,0.05,0,1,0,1,1,'Venture Co. Ruffian - Muradin Chestpiece'),
	 (600659,36127,0,0.05,0,1,0,1,1,'Venture Co. Ruffian - Muradin Hood'),
	 (600659,36128,0,0.05,0,1,0,1,1,'Venture Co. Ruffian - Muradin Pants'),
	 (600659,36129,0,0.05,0,1,0,1,1,'Venture Co. Ruffian - Muradin Shoulders'),
	 (600659,36131,0,0.05,0,1,0,1,1,'Venture Co. Ruffian - Wolverine Girdle'),
	 (600659,36133,0,0.05,0,1,0,1,1,'Venture Co. Ruffian - Wolverine Jerkin'),
	 (600659,36135,0,0.05,0,1,0,1,1,'Venture Co. Ruffian - Wolverine Cap'),
	 (600659,36220,0,0.05,0,1,0,1,1,'Venture Co. Ruffian - Amberpine Greaves'),
	 (600659,36221,0,0.05,0,1,0,1,1,'Venture Co. Ruffian - Amberpine Chain Vest'),
	 (600659,36223,0,0.05,0,1,0,1,1,'Venture Co. Ruffian - Amberpine Helmet'),
	 (600659,36224,0,0.05,0,1,0,1,1,'Venture Co. Ruffian - Amberpine Legguards'),
	 (600659,36227,0,0.05,0,1,0,1,1,'Venture Co. Ruffian - Trapper Belt'),
	 (600659,36228,0,0.05,0,1,0,1,1,'Venture Co. Ruffian - Trapper Footwraps'),
	 (600659,36232,0,0.05,0,1,0,1,1,'Venture Co. Ruffian - Trapper Leggings'),
	 (600659,36236,0,0.05,0,1,0,1,1,'Venture Co. Ruffian - Shoveltusk Greaves'),
	 (600659,36238,0,0.05,0,1,0,1,1,'Venture Co. Ruffian - Shoveltusk Gauntlets'),
	 (600659,36239,0,0.05,0,1,0,1,1,'Venture Co. Ruffian - Shoveltusk Helmet'),
	 (600659,36241,0,0.05,0,1,0,1,1,'Venture Co. Ruffian - Shoveltusk Mantle'),
	 (600659,36242,0,0.05,0,1,0,1,1,'Venture Co. Ruffian - Shoveltusk Bindings'),
	 (600659,36243,0,0.05,0,1,0,1,1,'Venture Co. Ruffian - Mammoth Girdle'),
	 (600659,36246,0,0.05,0,1,0,1,1,'Venture Co. Ruffian - Mammoth Fists'),
	 (600659,36247,0,0.05,0,1,0,1,1,'Venture Co. Ruffian - Mammoth Helm'),
	 (600659,36249,0,0.05,0,1,0,1,1,'Venture Co. Ruffian - Mammoth Spaulders'),
	 (600659,36250,0,0.2,0,1,0,1,1,'Venture Co. Ruffian - Mammoth Bindings'),
	 (600659,36331,0,0.05,0,1,0,1,1,'Venture Co. Ruffian - Grizzlemaw Belt'),
	 (600659,36334,0,0.05,0,1,0,1,1,'Venture Co. Ruffian - Grizzlemaw Gauntlets'),
	 (600659,36337,0,0.05,0,1,0,1,1,'Venture Co. Ruffian - Grizzlemaw Epaulets'),
	 (600659,36338,0,0.05,0,1,0,1,1,'Venture Co. Ruffian - Grizzlemaw Vambraces'),
	 (600659,36340,0,0.05,0,1,0,1,1,'Venture Co. Ruffian - Bloodmar Sabatons'),
	 (600659,36342,0,0.05,0,1,0,1,1,'Venture Co. Ruffian - Bloodmar Gauntlets'),
	 (600659,36343,0,0.05,0,1,0,1,1,'Venture Co. Ruffian - Bloodmar Helm'),
	 (600659,36344,0,0.05,0,1,0,1,1,'Venture Co. Ruffian - Bloodmar Legplates'),
	 (600659,36345,0,0.05,0,1,0,1,1,'Venture Co. Ruffian - Bloodmar Pauldrons'),
	 (600659,36346,0,0.05,0,1,0,1,1,'Venture Co. Ruffian - Bloodmar Vambraces'),
	 (600659,36347,0,0.05,0,1,0,1,1,'Venture Co. Ruffian - Jormungar Girdle'),
	 (600659,36348,0,0.05,0,1,0,1,1,'Venture Co. Ruffian - Jormungar Sabatons'),
	 (600659,36350,0,0.05,0,1,0,1,1,'Venture Co. Ruffian - Jormungar Gauntlets'),
	 (600659,36352,0,0.05,0,1,0,1,1,'Venture Co. Ruffian - Jormungar Legplates'),
	 (600659,36355,0,0.05,0,1,0,1,1,'Venture Co. Ruffian - Frostpaw Belt'),
	 (600659,36356,0,0.05,0,1,0,1,1,'Venture Co. Ruffian - Frostpaw Greaves'),
	 (600659,36358,0,0.05,0,1,0,1,1,'Venture Co. Ruffian - Frostpaw Gauntlets'),
	 (600659,36359,0,0.05,0,1,0,1,1,'Venture Co. Ruffian - Frostpaw Helmet'),
	 (600659,36360,0,0.05,0,1,0,1,1,'Venture Co. Ruffian - Frostpaw Legguards'),
	 (600659,36361,0,0.05,0,1,0,1,1,'Venture Co. Ruffian - Frostpaw Epaulets'),
	 (600659,36362,0,0.05,0,1,0,1,1,'Venture Co. Ruffian - Frostpaw Vambraces'),
	 (600659,36408,0,0.05,0,1,0,1,1,'Venture Co. Ruffian - Reversible Wool Cape'),
	 (600659,36409,0,0.05,0,1,0,1,1,'Venture Co. Ruffian - Crushed Velvet Cloak'),
	 (600659,36410,0,0.05,0,1,0,1,1,'Venture Co. Ruffian - Caribou Skin Cloak'),
	 (600659,36422,0,0.05,0,1,0,1,1,'Venture Co. Ruffian - Filigree Ring'),
	 (600659,36423,0,0.05,0,1,0,1,1,'Venture Co. Ruffian - Posy Ring'),
	 (600659,36424,0,0.1,0,1,0,1,1,'Venture Co. Ruffian - Cameo Ring'),
	 (600659,36425,0,0.05,0,1,0,1,1,'Venture Co. Ruffian - Gold Twisted Ring'),
	 (600659,36436,0,0.05,0,1,0,1,1,'Venture Co. Ruffian - Jasper Bead Necklace'),
	 (600659,36437,0,0.05,0,1,0,1,1,'Venture Co. Ruffian - Figaro Chain'),
	 (600659,36438,0,0.05,0,1,0,1,1,'Venture Co. Ruffian - Shark-Toothed Necklace'),
	 (600659,36439,0,0.05,0,1,0,1,1,'Venture Co. Ruffian - Serpentine Chain'),
	 (600659,36450,0,0.05,0,1,0,1,1,'Venture Co. Ruffian - Strapped Heater Shield'),
	 (600659,36451,0,0.05,0,1,0,1,1,'Venture Co. Ruffian - Kamagua Shield'),
	 (600659,36452,0,0.05,0,1,0,1,1,'Venture Co. Ruffian - Spoke Shield'),
	 (600659,36453,0,0.05,0,1,0,1,1,'Venture Co. Ruffian - Embossed Brazen Shield'),
	 (600659,36466,0,0.05,0,1,0,1,1,'Venture Co. Ruffian - Facetted Orb'),
	 (600659,36467,0,0.05,0,1,0,1,1,'Venture Co. Ruffian - Reflecting Sphere'),
	 (600659,36479,0,0.05,0,1,0,1,1,'Venture Co. Ruffian - Snobold Ripper'),
	 (600659,36480,0,0.05,0,1,0,1,1,'Venture Co. Ruffian - Ebony Dagger'),
	 (600659,36493,0,0.05,0,1,0,1,1,'Venture Co. Ruffian - Furbolg Truncheon'),
	 (600659,36508,0,0.05,0,1,0,1,1,'Venture Co. Ruffian - Cumbersome Sledgehammer'),
	 (600659,36521,0,0.05,0,1,0,1,1,'Venture Co. Ruffian - Shimmering Sabre'),
	 (600659,36522,0,0.05,0,1,0,1,1,'Venture Co. Ruffian - Scored Blade'),
	 (600659,36549,0,0.05,0,1,0,1,1,'Venture Co. Ruffian - Pulsing Quarterstaff'),
	 (600659,36563,0,0.05,0,1,0,1,1,'Venture Co. Ruffian - Gloved Talons'),
	 (600659,36576,0,0.05,0,1,0,1,1,'Venture Co. Ruffian - Beaked Axe'),
	 (600659,36577,0,0.05,0,1,0,1,1,'Venture Co. Ruffian - Disk Axe'),
	 (600659,36607,0,0.05,0,1,0,1,1,'Venture Co. Ruffian - Dwarven Halberd'),
	 (600659,36635,0,0.05,0,1,0,1,1,'Venture Co. Ruffian - Marvelous Crossbow'),
	 (600659,36660,0,0.05,0,1,0,1,1,'Venture Co. Ruffian - Melted Wand'),
	 (600659,36661,0,0.05,0,1,0,1,1,'Venture Co. Ruffian - Enigmatic Wand'),
	 (600659,36662,0,0.05,0,1,0,1,1,'Venture Co. Ruffian - Voodoo Wand'),
	 (600659,36675,0,0.1,0,1,0,1,1,'Venture Co. Ruffian - Sockeye Dagger'),
	 (600659,36677,0,0.05,0,1,0,1,1,'Venture Co. Ruffian - Levitating Dagger'),
	 (600659,36688,0,0.05,0,1,0,1,1,'Venture Co. Ruffian - Sacrosanct Mace'),
	 (600659,36689,0,0.05,0,1,0,1,1,'Venture Co. Ruffian - Refreshing Hammer'),
	 (600659,36690,0,0.05,0,1,0,1,1,'Venture Co. Ruffian - Unearthly Scepter'),
	 (600659,36705,0,0.05,0,1,0,1,1,'Venture Co. Ruffian - Geyser Staff'),
	 (600659,37091,0,0.2,0,1,0,1,1,'Venture Co. Ruffian - Scroll of Intellect VII'),
	 (600659,37093,0,0.2,0,1,0,1,1,'Venture Co. Ruffian - Scroll of Stamina VII'),
	 (600659,37097,0,0.1,0,1,0,1,1,'Venture Co. Ruffian - Scroll of Spirit VII'),
	 (600659,37757,0,0.05,0,1,0,1,1,'Venture Co. Ruffian - Charlotte''s Chastizing Pauldrons'),
	 (600659,37765,0,0.05,0,1,0,1,1,'Venture Co. Ruffian - Leggings of the Water Moccasin'),
	 (600659,37786,0,0.05,0,1,0,1,1,'Venture Co. Ruffian - Legguards of the Forlorn Seas'),
	 (600659,37806,0,0.05,0,1,0,1,1,'Venture Co. Ruffian - Zabra''s Misplaced Staff'),
	 (600659,37812,0,0.2,0,1,0,1,1,'Venture Co. Ruffian - Petrified Ironwood Smasher'),
	 (600659,38642,0,3.0,1,1,0,1,1,'Venture Co. Ruffian - Golden Engagement Ring'),
	 (600659,39152,0,0.9,0,1,0,1,1,'Venture Co. Ruffian - Manual: Heavy Frostweave Bandage'),
	 (600659,39651,0,10.0,1,1,0,1,1,'Venture Co. Ruffian - Venture Co. Explosives'),
	 (600659,42175,0,0.05,0,1,0,1,1,'Venture Co. Ruffian - Pattern: Green Lumberjack Shirt'),
	 (600659,43297,0,1.0,0,1,0,1,1,'Venture Co. Ruffian - Damaged Necklace'),
	 (600659,43463,0,0.1,0,1,0,1,1,'Venture Co. Ruffian - Scroll of Agility VII'),
	 (600659,43465,0,0.1,0,1,0,1,1,'Venture Co. Ruffian - Scroll of Strength VII'),
	 (600659,43467,0,0.2,0,1,0,1,1,'Venture Co. Ruffian - Scroll of Protection VII'),
	 (600659,43508,0,0.05,0,1,0,1,1,'Venture Co. Ruffian - Recipe: Last Week''s Mammoth'),
	 (600659,43622,0,0.1,0,1,0,1,1,'Venture Co. Ruffian - Froststeel Lockbox'),
	 (600659,43851,0,18.9,0,1,0,1,1,'Venture Co. Ruffian - Fur Clothing Scraps'),
	 (600659,43852,0,13.3,0,1,0,1,1,'Venture Co. Ruffian - Thick Fur Clothing Scraps'),
	 (600660,1,1001620,6.0,0,1,0,1,1,'World Drop - Grey World Drop - NPC Levels: 16-20'),
	 (600660,2,1011617,1.0,0,1,0,1,1,'World Drop - White World Drop - NPC Levels: 16-17'),
	 (600660,3,1021617,2.0,0,1,0,1,1,'World Drop - Green World Drop - NPC Levels: 16-17'),
	 (600660,4,1051120,0.5,0,1,0,1,1,'World Drop - 8 Slot Bag - NPC Levels: 11-20'),
	 (600660,5,1061019,3.0,0,1,0,1,1,'World Drop - Potions I - NPC Levels 10-19'),
	 (600660,6,1070518,1.0,0,1,0,1,1,'World Drop - Scrolls I - NPC Levels 5-18'),
	 (600660,7,1080002,0.3,0,1,0,1,1,'World Drop - Profession Recipes - NPC Levels ~10-20'),
	 (600660,9,1080015,1.5,0,1,0,1,1,'World Drop - Gems - NPC Levels: 15-19'),
	 (600660,414,0,0.02,0,1,0,1,1,'Venture Co. Enforcer - Dalaran Sharp'),
	 (600660,1179,0,2.2549,0,1,0,1,1,'Venture Co. Enforcer - Ice Cold Milk'),
	 (600660,2287,0,4.6557,0,1,0,1,1,'Venture Co. Enforcer - Haunch of Meat'),
	 (600660,2589,0,17.782,0,1,0,1,3,'Venture Co. Enforcer - Linen Cloth'),
	 (600660,2592,0,19.8668,0,1,0,1,2,'Venture Co. Enforcer - Wool Cloth'),
	 (600660,4359,0,0.02,0,1,0,1,1,'Venture Co. Enforcer - Handful of Copper Bolts'),
	 (600660,4361,0,0.02,0,1,0,1,1,'Venture Co. Enforcer - Copper Tube'),
	 (600660,4363,0,0.02,0,1,0,1,1,'Venture Co. Enforcer - Copper Modulator'),
	 (600660,4364,0,0.02,0,1,0,1,1,'Venture Co. Enforcer - Coarse Blasting Powder'),
	 (600660,4537,0,0.02,0,1,0,1,1,'Venture Co. Enforcer - Tel''Abim Banana'),
	 (600660,4541,0,0.02,0,1,0,1,1,'Venture Co. Enforcer - Freshly Baked Bread'),
	 (600660,4605,0,0.02,0,1,0,1,1,'Venture Co. Enforcer - Red-speckled Mushroom'),
	 (600660,5097,0,5.0,1,1,0,1,1,'Venture Co. Enforcer - Cats Eye Emerald'),
	 (600660,5500,0,0.02,0,1,0,1,1,'Venture Co. Enforcer - Iridescent Pearl'),
	 (600660,6661,0,0.04,0,1,0,1,1,'Venture Co. Enforcer - Recipe: Savory Deviate Delight'),
	 (600660,11148,0,10.0,1,1,0,1,1,'Venture Co. Enforcer - Samophlange Manual Page'),
	 (600661,1,1004150,6.0,0,1,0,1,1,'World Drop - Grey World Drop - NPC Levels: 41-50'),
	 (600661,2,1024041,2.0,0,1,0,1,1,'World Drop - Green World Drop - NPC Levels: 40-41'),
	 (600661,3,1034041,0.1,0,1,0,1,1,'World Drop - Blue World Drop - NPC Levels: 40-41'),
	 (600661,4,1044041,0.01,0,1,0,1,1,'World Drop - Purple World Drop - NPC Levels: 40-41'),
	 (600661,5,1054162,0.1,0,1,0,1,1,'World Drop - 14 Slot Bag - NPC Levels: 41-62'),
	 (600661,6,1064049,3.0,0,1,0,1,1,'World Drop - Potions IV - NPC Levels 40-49'),
	 (600661,7,1073545,1.0,0,1,0,1,1,'World Drop - Scrolls III - NPC Levels 35-45'),
	 (600661,8,1080005,0.3,0,1,0,1,1,'World Drop - Profession Recipes - NPC Levels ~45'),
	 (600661,9,1080021,1.5,0,1,0,1,1,'World Drop - Gems - NPC Levels: 41-45'),
	 (600661,1630,0,31.373,0,1,0,1,1,'Venture Co. Tinkerer - Broken Electro-lantern'),
	 (600661,1708,0,2.2291,0,1,0,1,1,'Venture Co. Tinkerer - Sweet Nectar'),
	 (600661,2725,0,0.4506,0,1,0,1,1,'Venture Co. Tinkerer - Green Hills of Stranglethorn - Page 1'),
	 (600661,2728,0,0.7351,0,1,0,1,1,'Venture Co. Tinkerer - Green Hills of Stranglethorn - Page 4'),
	 (600661,2730,0,0.7825,0,1,0,1,1,'Venture Co. Tinkerer - Green Hills of Stranglethorn - Page 6'),
	 (600661,2732,0,0.4743,0,1,0,1,1,'Venture Co. Tinkerer - Green Hills of Stranglethorn - Page 8'),
	 (600661,2734,0,0.7825,0,1,0,1,1,'Venture Co. Tinkerer - Green Hills of Stranglethorn - Page 10'),
	 (600661,2735,0,0.7825,0,1,0,1,1,'Venture Co. Tinkerer - Green Hills of Stranglethorn - Page 11'),
	 (600661,2738,0,0.7588,0,1,0,1,1,'Venture Co. Tinkerer - Green Hills of Stranglethorn - Page 14'),
	 (600661,2740,0,0.83,0,1,0,1,1,'Venture Co. Tinkerer - Green Hills of Stranglethorn - Page 16'),
	 (600661,2742,0,0.7825,0,1,0,1,1,'Venture Co. Tinkerer - Green Hills of Stranglethorn - Page 18'),
	 (600661,2744,0,0.5454,0,1,0,1,1,'Venture Co. Tinkerer - Green Hills of Stranglethorn - Page 20'),
	 (600661,2745,0,1.0197,0,1,0,1,1,'Venture Co. Tinkerer - Green Hills of Stranglethorn - Page 21'),
	 (600661,2748,0,0.4268,0,1,0,1,1,'Venture Co. Tinkerer - Green Hills of Stranglethorn - Page 24'),
	 (600661,2749,0,0.996,0,1,0,1,1,'Venture Co. Tinkerer - Green Hills of Stranglethorn - Page 25'),
	 (600661,2750,0,0.5691,0,1,0,1,1,'Venture Co. Tinkerer - Green Hills of Stranglethorn - Page 26'),
	 (600661,2751,0,0.8063,0,1,0,1,1,'Venture Co. Tinkerer - Green Hills of Stranglethorn - Page 27'),
	 (600661,3771,0,5.5253,0,1,0,1,1,'Venture Co. Tinkerer - Wild Hog Shank'),
	 (600661,3917,0,80.0,1,1,0,1,1,'Venture Co. Tinkerer - Singing Blue Crystal'),
	 (600661,3927,0,0.04,0,1,0,1,1,'Venture Co. Tinkerer - Fine Aged Cheddar'),
	 (600661,4306,0,27.1757,0,1,0,1,3,'Venture Co. Tinkerer - Silk Cloth'),
	 (600661,4338,0,4.4344,0,1,0,1,1,'Venture Co. Tinkerer - Mageweave Cloth'),
	 (600661,4377,0,5.6912,0,1,0,1,1,'Venture Co. Tinkerer - Heavy Blasting Powder'),
	 (600661,4382,0,1.0671,0,1,0,1,1,'Venture Co. Tinkerer - Bronze Framework'),
	 (600661,4387,0,2.5373,0,1,0,1,1,'Venture Co. Tinkerer - Iron Strut'),
	 (600661,4389,0,0.2371,0,1,0,1,1,'Venture Co. Tinkerer - Gyrochronatom'),
	 (600661,4599,0,0.04,0,1,0,1,1,'Venture Co. Tinkerer - Cured Ham Steak'),
	 (600661,4601,0,0.02,0,1,0,1,1,'Venture Co. Tinkerer - Soft Banana Bread'),
	 (600661,4608,0,0.02,0,1,0,1,1,'Venture Co. Tinkerer - Raw Black Truffle'),
	 (600661,4614,0,0.0237,0,1,0,1,1,'Venture Co. Tinkerer - Pendant of Myzrael'),
	 (600661,4636,0,0.0949,0,1,0,1,1,'Venture Co. Tinkerer - Strong Iron Lockbox'),
	 (600661,4637,0,0.12,0,1,0,1,1,'Venture Co. Tinkerer - Steel Lockbox'),
	 (600701,0,100500,100.0,0,1,0,1,1,'Custom Boss Loot'),
	 (600701,43949,0,100.0,0,1,0,1,2,'Delve Token'),
	 (600702,0,100500,100.0,0,1,0,1,1,'Custom Boss Loot'),
	 (600702,43949,0,100.0,0,1,0,1,2,'Delve Token');

INSERT INTO creature (id1,id2,id3,`map`,zoneId,areaId,spawnMask,phaseMask,equipment_id,position_x,position_y,position_z,orientation,spawntimesecs,wander_distance,currentwaypoint,curhealth,curmana,MovementType,npcflag,unit_flags,dynamicflags,ScriptName,VerifiedBuild,CreateObject,Comment) VALUES
	 (600657,0,0,900,0,0,1,1,0,2741.86,2056.46,271.568,5.90825,1800,5.0,0,242314,0,1,0,0,0,'',NULL,0,NULL),
	 (600657,0,0,900,0,0,1,1,0,2785.08,2033.22,283.518,5.54108,1800,13.0,0,242314,0,1,0,0,0,'',NULL,0,NULL),
	 (600657,0,0,900,0,0,1,1,0,2783.55,2142.79,242.027,1.44091,1800,12.0,0,242314,0,1,0,0,0,'',NULL,0,NULL),
	 (600657,0,0,900,0,0,1,1,0,2709.19,2185.16,243.09,3.8963,1800,8.0,0,242314,0,1,0,0,0,'',NULL,0,NULL),
	 (600657,0,0,900,0,0,1,1,0,2711.44,2124.54,254.809,4.21674,1800,5.0,0,242314,0,1,0,0,0,'',NULL,0,NULL),
	 (600657,0,0,900,0,0,1,1,0,2813.99,2216.31,218.148,4.26387,1800,7.0,0,242314,0,1,0,0,0,'',NULL,0,NULL),
	 (600657,0,0,900,0,0,1,1,0,2826.26,2231.97,210.932,4.89007,1800,8.0,0,242314,0,1,0,0,0,'',NULL,0,NULL),
	 (600657,0,0,900,0,0,1,1,0,2782.77,2009.84,291.138,3.69023,1800,8.0,0,242314,0,1,0,0,0,'',NULL,0,NULL),
	 (600657,0,0,902,0,0,1,1,0,1632.21,1704.67,145.873,2.72812,1800,10.0,0,242314,0,1,0,0,0,'',NULL,0,NULL),
	 (600657,0,0,902,0,0,1,1,0,1632.93,1654.09,148.79,1.74142,1800,10.0,0,242314,0,1,0,0,0,'',NULL,0,NULL),
	 (600657,0,0,902,0,0,1,1,0,1691.37,1622.05,137.156,6.1834,1800,10.0,0,242314,0,1,0,0,0,'',NULL,0,NULL),
	 (600657,0,0,902,0,0,1,1,0,1710.71,1683.87,139.114,1.41831,1800,10.0,0,242314,0,1,0,0,0,'',NULL,0,NULL),
	 (600657,0,0,902,0,0,1,1,0,1765.85,1603.16,145.746,0.922961,1800,10.0,0,242314,0,1,0,0,0,'',NULL,0,NULL),
	 (600657,0,0,902,0,0,1,1,0,1697.44,1536.62,120.421,4.17396,1800,10.0,0,242314,0,1,0,0,0,'',NULL,0,NULL),
	 (600657,0,0,902,0,0,1,1,0,1737.91,1535.88,130.644,5.82958,1800,10.0,0,242314,0,1,0,0,0,'',NULL,0,NULL),
	 (600657,0,0,902,0,0,1,1,0,1781.23,1529.32,134.135,6.14601,1800,10.0,0,242314,0,1,0,0,0,'',NULL,0,NULL),
	 (600657,0,0,902,0,0,1,1,0,1831.4,1509.35,139.926,4.1072,1800,10.0,0,242314,0,1,0,0,0,'',NULL,0,NULL),
	 (600657,0,0,902,0,0,1,1,0,1841.66,1424.35,143.497,4.42882,1800,10.0,0,242314,0,1,0,0,0,'',NULL,0,NULL),
	 (600657,0,0,902,0,0,1,1,0,1818.0,1344.58,145.822,5.59843,1800,10.0,0,242314,0,1,0,0,0,'',NULL,0,NULL),
	 (600657,0,0,902,0,0,1,1,0,1935.02,1372.49,149.478,5.95594,1800,10.0,0,242314,0,1,0,0,0,'',NULL,0,NULL),
	 (600657,0,0,902,0,0,1,1,0,1868.99,1358.43,143.68,1.50414,1800,0.0,0,242314,0,0,0,0,0,'',NULL,0,NULL),
	 (600657,0,0,902,0,0,1,1,0,1853.82,1345.53,142.27,2.96215,1800,0.0,0,242314,0,0,0,0,0,'',NULL,0,NULL),
	 (600657,0,0,902,0,0,1,1,0,1933.61,1330.73,145.433,2.38252,1800,4.0,0,242314,0,1,0,0,0,'',NULL,0,NULL),
	 (600657,0,0,900,0,0,1,1,0,2911.23,2501.23,137.922,4.75337,300,10.0,0,220286,0,1,0,0,0,'',NULL,0,NULL),
	 (600657,0,0,900,0,0,1,1,0,2945.97,2448.19,137.01,2.58724,300,5.0,0,220286,0,1,0,0,0,'',NULL,0,NULL),
	 (600657,0,0,900,0,0,1,1,0,2935.5,2475.59,136.648,3.62837,300,9.0,0,220286,0,1,0,0,0,'',NULL,0,NULL),
	 (600657,0,0,900,0,0,1,1,0,2848.14,2496.05,140.28,4.53142,300,10.0,0,220286,0,1,0,0,0,'',NULL,0,NULL),
	 (600658,0,0,900,0,0,1,1,1,2711.23,2100.15,262.643,5.44644,1800,4.0,0,416160,0,1,0,0,0,'',NULL,0,NULL),
	 (600658,0,0,900,0,0,1,1,1,2735.42,2081.22,264.015,5.56661,1800,8.0,0,416160,0,1,0,0,0,'',NULL,0,NULL),
	 (600658,0,0,900,0,0,1,1,1,2750.41,2077.54,264.007,4.75181,1800,11.0,0,416160,0,1,0,0,0,'',NULL,0,NULL),
	 (600658,0,0,900,0,0,1,1,1,2782.24,2091.45,263.211,0.145945,1800,14.0,0,416160,0,1,0,0,0,'',NULL,0,NULL),
	 (600658,0,0,900,0,0,1,1,1,2804.08,2062.2,285.462,5.19943,1800,11.0,0,416160,0,1,0,0,0,'',NULL,0,NULL),
	 (600658,0,0,900,0,0,1,1,1,2816.04,2024.84,299.674,4.02181,1800,12.0,0,416160,0,1,0,0,0,'',NULL,0,NULL),
	 (600658,0,0,900,0,0,1,1,1,2778.47,2018.71,287.141,3.13658,1800,16.0,0,416160,0,1,0,0,0,'',NULL,0,NULL),
	 (600658,0,0,900,0,0,1,1,1,2762.31,2119.08,249.518,5.19676,1800,5.0,0,416160,0,1,0,0,0,'',NULL,0,NULL),
	 (600658,0,0,900,0,0,1,1,1,2733.52,2182.74,236.05,4.15839,1800,5.0,0,416160,0,1,0,0,0,'',NULL,0,NULL),
	 (600658,0,0,900,0,0,1,1,1,2760.64,2205.11,228.52,3.80457,1800,7.0,0,416160,0,1,0,0,0,'',NULL,0,NULL),
	 (600658,0,0,900,0,0,1,1,1,2810.2,2271.12,203.113,5.58287,1800,11.0,0,416160,0,1,0,0,0,'',NULL,0,NULL),
	 (600658,0,0,900,0,0,1,1,1,2836.67,2261.21,205.079,6.06353,1800,9.0,0,416160,0,1,0,0,0,'',NULL,0,NULL),
	 (600658,0,0,900,0,0,1,1,1,2870.99,2327.57,203.113,1.12962,1800,8.0,0,416160,0,1,0,0,0,'',NULL,0,NULL),
	 (600658,0,0,900,0,0,1,1,1,2879.99,2305.93,203.114,3.51728,1800,5.0,0,416160,0,1,0,0,0,'',NULL,0,NULL),
	 (600658,0,0,902,0,0,1,1,1,1870.61,1490.45,141.419,3.94815,1800,10.0,0,416160,0,1,0,0,0,'',NULL,0,NULL),
	 (600658,0,0,902,0,0,1,1,1,1825.46,1532.84,137.841,2.87451,1800,10.0,0,416160,0,1,0,0,0,'',NULL,0,NULL),
	 (600658,0,0,902,0,0,1,1,1,1772.8,1548.29,136.497,2.39385,1800,10.0,0,416160,0,1,0,0,0,'',NULL,0,NULL),
	 (600658,0,0,902,0,0,1,1,1,1745.71,1564.59,136.668,2.65821,1800,10.0,0,416160,0,1,0,0,0,'',NULL,0,NULL),
	 (600658,0,0,902,0,0,1,1,1,1755.44,1589.99,141.983,0.67948,1800,10.0,0,416160,0,1,0,0,0,'',NULL,0,NULL),
	 (600658,0,0,902,0,0,1,1,1,1722.72,1555.09,131.227,3.86505,1800,10.0,0,416160,0,1,0,0,0,'',NULL,0,NULL),
	 (600658,0,0,902,0,0,1,1,1,1707.01,1584.01,136.46,1.73144,1800,10.0,0,416160,0,1,0,0,0,'',NULL,0,NULL),
	 (600658,0,0,902,0,0,1,1,1,1681.72,1606.49,136.516,2.09995,1800,10.0,0,416160,0,1,0,0,0,'',NULL,0,NULL),
	 (600658,0,0,902,0,0,1,1,1,1689.89,1647.36,139.675,1.13862,1800,10.0,0,416160,0,1,0,0,0,'',NULL,0,NULL),
	 (600658,0,0,902,0,0,1,1,1,1648.51,1649.51,147.288,3.48186,1800,10.0,0,416160,0,1,0,0,0,'',NULL,0,NULL),
	 (600658,0,0,902,0,0,1,1,1,1652.97,1672.92,145.06,0.914311,1800,10.0,0,416160,0,1,0,0,0,'',NULL,0,NULL),
	 (600658,0,0,902,0,0,1,1,1,1634.08,1693.75,144.542,2.99719,1800,10.0,0,416160,0,1,0,0,0,'',NULL,0,NULL),
	 (600658,0,0,902,0,0,1,1,1,1606.37,1713.06,147.489,2.14802,1800,10.0,0,416160,0,1,0,0,0,'',NULL,0,NULL),
	 (600658,0,0,902,0,0,1,1,1,1631.34,1672.21,147.857,4.3055,1800,10.0,0,416160,0,1,0,0,0,'',NULL,0,NULL),
	 (600658,0,0,900,0,0,1,1,1,2899.17,2510.64,138.921,4.38879,300,15.0,0,378328,0,1,0,0,0,'',NULL,0,NULL),
	 (600659,0,0,900,0,0,1,1,1,2748.16,1992.61,290.247,5.99771,1800,10.0,0,186186,0,1,0,0,0,'',NULL,0,NULL),
	 (600659,0,0,900,0,0,1,1,1,2735.71,2027.74,279.29,2.63456,1800,5.0,0,186186,0,1,0,0,0,'',NULL,0,NULL),
	 (600659,0,0,900,0,0,1,1,1,2741.21,2193.15,233.758,2.0775,1800,0.0,0,186186,0,0,0,0,0,'',NULL,0,NULL),
	 (600659,0,0,900,0,0,1,1,1,2823.72,2196.94,224.374,2.61909,1800,6.0,0,186186,0,1,0,0,0,'',NULL,0,NULL),
	 (600659,0,0,900,0,0,1,1,1,2787.76,2212.67,221.637,2.45487,1800,6.0,0,186186,0,1,0,0,0,'',NULL,0,NULL),
	 (600659,0,0,900,0,0,1,1,1,2797.12,2235.72,214.854,4.78192,1800,4.0,0,186186,0,1,0,0,0,'',NULL,0,NULL),
	 (600659,0,0,900,0,0,1,1,1,2842.86,2291.37,203.103,4.22515,1800,0.0,0,186186,0,0,0,0,0,'',NULL,0,NULL),
	 (600659,0,0,900,0,0,1,1,1,2904.7,2299.45,203.473,2.87122,1800,10.0,0,186186,0,1,0,0,0,'',NULL,0,NULL),
	 (600659,0,0,900,0,0,1,1,1,2763.69,2102.48,255.39,4.00196,1800,5.0,0,186186,0,1,0,0,0,'',NULL,0,NULL),
	 (600659,0,0,902,0,0,1,1,1,1670.18,1684.02,144.877,4.09102,1800,10.0,0,186186,0,1,0,0,0,'',NULL,0,NULL),
	 (600659,0,0,902,0,0,1,1,1,1668.33,1636.78,143.072,4.73591,1800,10.0,0,186186,0,1,0,0,0,'',NULL,0,NULL),
	 (600659,0,0,902,0,0,1,1,1,1702.88,1561.9,131.907,5.20856,1800,10.0,0,186186,0,1,0,0,0,'',NULL,0,NULL),
	 (600659,0,0,902,0,0,1,1,1,1746.6,1568.95,136.667,5.93623,1800,10.0,0,186186,0,1,0,0,0,'',NULL,0,NULL),
	 (600659,0,0,902,0,0,1,1,1,1769.08,1542.45,135.128,6.09645,1800,10.0,0,186186,0,1,0,0,0,'',NULL,0,NULL),
	 (600659,0,0,902,0,0,1,1,1,1826.63,1552.07,146.395,0.0282327,1800,10.0,0,186186,0,1,0,0,0,'',NULL,0,NULL),
	 (600659,0,0,902,0,0,1,1,1,1866.03,1541.31,143.842,5.72661,1800,10.0,0,186186,0,1,0,0,0,'',NULL,0,NULL),
	 (600659,0,0,902,0,0,1,1,1,1907.92,1524.32,150.42,5.3581,1800,10.0,0,186186,0,1,0,0,0,'',NULL,0,NULL),
	 (600659,0,0,902,0,0,1,1,1,1853.43,1480.36,142.49,3.51956,1800,10.0,0,186186,0,1,0,0,0,'',NULL,0,NULL),
	 (600659,0,0,902,0,0,1,1,1,1817.0,1399.63,147.618,4.0523,1800,10.0,0,186186,0,1,0,0,0,'',NULL,0,NULL),
	 (600659,0,0,902,0,0,1,1,1,1790.45,1332.96,144.273,3.62905,1800,10.0,0,186186,0,1,0,0,0,'',NULL,0,NULL),
	 (600659,0,0,902,0,0,1,1,1,1855.58,1325.54,144.401,6.04823,1800,10.0,0,186186,0,1,0,0,0,'',NULL,0,NULL),
	 (600659,0,0,902,0,0,1,1,1,1915.01,1338.13,144.844,5.05085,1800,10.0,0,186186,0,1,0,0,0,'',NULL,0,NULL),
	 (600659,0,0,902,0,0,1,1,1,1917.2,1397.41,148.712,2.40987,1800,10.0,0,186186,0,1,0,0,0,'',NULL,0,NULL),
	 (600659,0,0,902,0,0,1,1,1,1898.1,1433.22,143.597,1.76898,1800,10.0,0,186186,0,1,0,0,0,'',NULL,0,NULL),
	 (600659,0,0,902,0,0,1,1,1,1891.84,1476.42,144.8,0.861064,1800,10.0,0,186186,0,1,0,0,0,'',NULL,0,NULL),
	 (600659,0,0,902,0,0,1,1,1,1871.19,1344.08,142.265,1.06086,1800,0.0,0,186186,0,0,0,0,0,'',NULL,0,NULL),
	 (600659,0,0,902,0,0,1,1,1,1941.2,1348.36,146.358,2.29307,1800,0.0,0,186186,0,0,0,0,0,'',NULL,0,NULL),
	 (600659,0,0,900,0,0,1,1,1,2919.77,2408.46,144.141,1.42724,300,12.0,0,169260,0,1,0,0,0,'',NULL,0,NULL),
	 (600659,0,0,900,0,0,1,1,1,2835.58,2456.98,149.148,2.0797,300,12.0,0,169260,0,1,0,0,0,'',NULL,0,NULL),
	 (600659,0,0,900,0,0,1,1,1,2969.75,2499.21,133.846,2.97061,300,12.0,0,169260,0,1,0,0,0,'',NULL,0,NULL),
	 (600660,0,0,900,0,0,1,1,1,2722.71,2002.98,282.722,4.63599,1800,8.0,0,163817,0,1,0,0,0,'',NULL,0,NULL),
	 (600660,0,0,900,0,0,1,1,1,2802.83,2155.19,242.221,4.66002,1800,7.0,0,163817,0,1,0,0,0,'',NULL,0,NULL),
	 (600660,0,0,900,0,0,1,1,1,2756.46,2155.29,239.06,3.06448,1800,14.0,0,159417,0,1,0,0,0,'',NULL,0,NULL),
	 (600660,0,0,900,0,0,1,1,1,2736.85,2144.31,243.032,3.81085,1800,9.0,0,159417,0,1,0,0,0,'',NULL,0,NULL),
	 (600660,0,0,900,0,0,1,1,1,2709.04,2152.81,247.125,2.56513,1800,10.0,0,163817,0,1,0,0,0,'',NULL,0,NULL),
	 (600660,0,0,900,0,0,1,1,1,2766.75,2068.59,268.48,5.66007,1800,6.0,0,159417,0,1,0,0,0,'',NULL,0,NULL),
	 (600660,0,0,900,0,0,1,1,1,2860.78,2271.5,203.118,3.7485,1800,0.0,0,163817,0,0,0,0,0,'',NULL,0,NULL),
	 (600660,0,0,900,0,0,1,1,1,2789.34,2260.54,203.145,6.04735,1800,5.0,0,159417,0,1,0,0,0,'',NULL,0,NULL),
	 (600660,0,0,902,0,0,1,1,1,1665.1,1689.21,144.999,5.99584,1800,10.0,0,223184,0,1,0,0,0,'',NULL,0,NULL),
	 (600660,0,0,902,0,0,1,1,1,1698.72,1659.26,138.514,5.42304,1800,10.0,0,223184,0,1,0,0,0,'',NULL,0,NULL),
	 (600660,0,0,902,0,0,1,1,1,1701.41,1615.66,136.952,5.19873,1800,10.0,0,223184,0,1,0,0,0,'',NULL,0,NULL),
	 (600660,0,0,902,0,0,1,1,1,1689.09,1581.62,136.54,4.26411,1800,10.0,0,229344,0,1,0,0,0,'',NULL,0,NULL),
	 (600660,0,0,902,0,0,1,1,1,1733.82,1592.54,137.224,6.11867,1800,10.0,0,223184,0,1,0,0,0,'',NULL,0,NULL),
	 (600660,0,0,902,0,0,1,1,1,1764.47,1560.17,136.668,0.256066,1800,10.0,0,229344,0,1,0,0,0,'',NULL,0,NULL),
	 (600660,0,0,902,0,0,1,1,1,1802.69,1549.64,138.324,6.0454,1800,10.0,0,229344,0,1,0,0,0,'',NULL,0,NULL),
	 (600660,0,0,902,0,0,1,1,1,1845.62,1513.67,139.674,5.07606,1800,10.0,0,229344,0,1,0,0,0,'',NULL,0,NULL),
	 (600660,0,0,902,0,0,1,1,1,1859.86,1486.24,141.506,5.6128,1800,10.0,0,229344,0,1,0,0,0,'',NULL,0,NULL),
	 (600660,0,0,902,0,0,1,1,1,1884.26,1506.36,143.58,1.57672,1800,10.0,0,223184,0,1,0,0,0,'',NULL,0,NULL),
	 (600660,0,0,902,0,0,1,1,1,1886.99,1527.02,145.305,1.25627,1800,10.0,0,223184,0,1,0,0,0,'',NULL,0,NULL),
	 (600660,0,0,902,0,0,1,1,1,1858.06,1515.98,140.858,2.16938,1800,10.0,0,223184,0,1,0,0,0,'',NULL,0,NULL),
	 (600660,0,0,902,0,0,1,1,1,1880.34,1474.35,142.662,4.90099,1800,10.0,0,229344,0,1,0,0,0,'',NULL,0,NULL),
	 (600660,0,0,902,0,0,1,1,1,1857.89,1444.59,142.996,4.02244,1800,0.0,0,223184,0,0,0,0,0,'',NULL,0,NULL),
	 (600660,0,0,902,0,0,1,1,1,1867.59,1421.35,141.058,5.09192,1800,10.0,0,229344,0,1,0,0,0,'',NULL,0,NULL),
	 (600660,0,0,902,0,0,1,1,1,1896.33,1399.78,145.908,5.78488,1800,10.0,0,223184,0,1,0,0,0,'',NULL,0,NULL),
	 (600660,0,0,902,0,0,1,1,1,1912.88,1384.37,148.662,4.9851,1800,10.0,0,229344,0,1,0,0,0,'',NULL,0,NULL),
	 (600660,0,0,902,0,0,1,1,1,1862.66,1396.84,140.795,3.3642,1800,10.0,0,223184,0,1,0,0,0,'',NULL,0,NULL),
	 (600660,0,0,902,0,0,1,1,1,1837.23,1384.83,147.203,3.62856,1800,10.0,0,223184,0,1,0,0,0,'',NULL,0,NULL),
	 (600660,0,0,902,0,0,1,1,1,1815.35,1388.27,147.702,3.47235,1800,10.0,0,223184,0,1,0,0,0,'',NULL,0,NULL),
	 (600660,0,0,902,0,0,1,1,1,1792.45,1360.59,148.51,4.54583,1800,10.0,0,223184,0,1,0,0,0,'',NULL,0,NULL),
	 (600660,0,0,902,0,0,1,1,1,1856.98,1351.93,142.265,1.49896,1800,0.0,0,223184,0,0,0,0,0,'',NULL,0,NULL),
	 (600660,0,0,900,0,0,1,1,1,2860.32,2451.64,148.463,3.17486,1800,10.0,0,208495,0,1,0,0,0,'',NULL,0,NULL),
	 (600660,0,0,900,0,0,1,1,1,2947.94,2521.81,138.237,1.87348,1800,0.0,0,202895,0,0,0,0,0,'',NULL,0,NULL),
	 (600660,0,0,900,0,0,1,1,1,2940.7,2524.75,138.732,1.53482,1800,0.0,0,202895,0,0,0,0,0,'',NULL,0,NULL),
	 (600660,0,0,900,0,0,1,1,1,2930.88,2531.86,138.857,0.150472,1800,0.0,0,208495,0,0,0,0,0,'',NULL,0,NULL),
	 (600661,0,0,900,0,0,1,1,1,2768.36,2047.55,277.059,0.360909,1800,8.0,0,111732,93300,1,0,0,0,'',NULL,0,NULL),
	 (600661,0,0,900,0,0,1,1,1,2801.3,2039.1,288.404,0.343552,1800,8.0,0,114702,95080,1,0,0,0,'',NULL,0,NULL),
	 (600661,0,0,900,0,0,1,1,1,2724.73,2056.63,272.933,6.07397,1800,10.0,0,114702,95080,1,0,0,0,'',NULL,0,NULL),
	 (600661,0,0,900,0,0,1,1,1,2737.53,2114.94,259.706,0.609253,1800,4.0,0,111732,93300,1,0,0,0,'',NULL,0,NULL),
	 (600661,0,0,900,0,0,1,1,1,2775.04,2167.96,246.77,3.17012,1800,6.0,0,111732,93300,1,0,0,0,'',NULL,0,NULL),
	 (600661,0,0,900,0,0,1,1,1,2781.29,2186.62,240.604,1.24747,1800,6.0,0,114702,95080,1,0,0,0,'',NULL,0,NULL),
	 (600661,0,0,900,0,0,1,1,1,2800.28,2178.89,242.938,5.62135,1800,6.0,0,111732,93300,1,0,0,0,'',NULL,0,NULL),
	 (600661,0,0,900,0,0,1,1,1,2711.47,2203.25,245.007,5.81134,1800,0.0,0,111732,93300,0,0,0,0,'',NULL,0,NULL),
	 (600661,0,0,900,0,0,1,1,1,2839.29,2218.51,226.332,3.25982,1800,4.0,0,111732,93300,1,0,0,0,'',NULL,0,NULL),
	 (600661,0,0,900,0,0,1,1,1,2871.49,2286.85,203.499,3.20107,1800,3.0,0,111732,93300,1,0,0,0,'',NULL,0,NULL),
	 (600661,0,0,902,0,0,1,1,1,1838.99,1354.05,143.633,4.92636,1800,10.0,0,111732,93300,1,0,0,0,'',NULL,0,NULL),
	 (600661,0,0,902,0,0,1,1,1,1805.22,1370.02,147.253,2.41088,1800,10.0,0,111732,93300,1,0,0,0,'',NULL,0,NULL),
	 (600661,0,0,902,0,0,1,1,1,1874.76,1401.81,141.405,5.61114,1800,10.0,0,114702,95080,1,0,0,0,'',NULL,0,NULL),
	 (600661,0,0,902,0,0,1,1,1,1886.84,1396.33,144.21,6.19996,1800,10.0,0,114702,95080,1,0,0,0,'',NULL,0,NULL),
	 (600661,0,0,902,0,0,1,1,1,1894.12,1357.97,142.794,4.86211,1800,10.0,0,111732,93300,1,0,0,0,'',NULL,0,NULL),
	 (600661,0,0,902,0,0,1,1,1,1901.94,1344.68,144.339,5.13048,1800,10.0,0,111732,93300,1,0,0,0,'',NULL,0,NULL),
	 (600661,0,0,902,0,0,1,1,1,1897.21,1327.91,145.59,4.22122,1800,10.0,0,114702,95080,1,0,0,0,'',NULL,0,NULL),
	 (600661,0,0,900,0,0,1,1,1,2944.51,2470.04,136.558,0.974083,300,13.0,0,104275,95080,1,0,0,0,'',NULL,0,NULL),
	 (600701,0,0,902,0,0,1,1,1,1969.61,1316.36,145.99,2.5998,1800,0.0,0,587640,89000,0,0,0,0,'',NULL,0,NULL),
	 (600702,0,0,902,0,0,1,1,1,1972.62,1320.61,145.883,2.83071,1800,0.0,0,550800,0,0,0,0,0,'',NULL,0,NULL);

INSERT INTO smart_scripts (entryorguid,source_type,id,link,event_type,event_phase_mask,event_chance,event_flags,event_param1,event_param2,event_param3,event_param4,event_param5,event_param6,action_type,action_param1,action_param2,action_param3,action_param4,action_param5,action_param6,target_type,target_param1,target_param2,target_param3,target_param4,target_x,target_y,target_z,target_o,comment) VALUES
	 (600657,0,0,0,2,0,100,1,20,80,0,0,0,0,11,36203,0,0,0,0,0,2,0,0,0,0,0.0,0.0,0.0,0.0,'Venture Co. Shredder - Between 20-80% Health - Cast ''Doomsaw'' (No Repeat)'),
	 (600658,0,0,0,2,0,100,1,20,80,0,0,0,0,11,5679,0,0,0,0,0,2,0,0,0,0,0.0,0.0,0.0,0.0,'Venture Co. Taskmaster - Between 20-80% Health - Cast ''Torch Burn'' (No Repeat)'),
	 (600659,0,0,0,0,0,100,0,1000,3000,11000,15000,0,0,11,52908,0,0,0,0,0,2,0,0,0,0,0.0,0.0,0.0,0.0,'Venture Co. Ruffian - In Combat - Cast ''Backhand'''),
	 (600659,0,1,0,0,0,100,0,9000,12000,9000,13000,0,0,11,51601,0,0,0,0,0,2,0,0,0,0,0.0,0.0,0.0,0.0,'Venture Co. Ruffian - In Combat - Cast ''Bonk'''),
	 (600660,0,0,0,0,0,100,1,5000,8000,0,0,0,0,11,9128,0,0,0,0,0,1,0,0,0,0,0.0,0.0,0.0,0.0,'Venture Co. Enforcer - In Combat - Cast ''Battle Shout'' (No Repeat)'),
	 (600660,0,1,0,2,0,100,1,20,40,0,0,0,0,11,6713,0,0,0,0,0,2,0,0,0,0,0.0,0.0,0.0,0.0,'Venture Co. Enforcer - Between 20-40% Health - Cast ''Disarm'' (No Repeat)'),
	 (600661,0,0,0,54,0,100,512,0,0,0,0,0,0,11,12544,2,0,0,0,0,1,0,0,0,0,0.0,0.0,0.0,0.0,'Venture Co. Tinkerer - On Just Summoned - Cast ''Frost Armor'''),
	 (600661,0,1,0,0,0,100,0,3000,4000,5000,6000,0,0,11,20823,64,0,0,0,0,2,0,0,0,0,0.0,0.0,0.0,0.0,'Venture Co. Tinkerer - In Combat CMC - Cast ''Fireball'''),
	 (600661,0,2,0,0,0,100,1,8000,8000,8000,8000,0,0,11,7979,0,0,0,0,0,1,0,0,0,0,0.0,0.0,0.0,0.0,'Venture Co. Tinkerer - IC - Cast Compact Harvest Reaper (no repeat)');
